,account_value,date,daily_return,datadate
0,1000000.0,2018-01-02,,2018-01-02
1,1002809.7523925784,2018-01-03,0.0028097523925783,2018-01-03
2,1007755.1958489992,2018-01-04,0.0049315869182779,2018-01-04
3,1013057.1528802492,2018-01-05,0.0052611557381088,2018-01-05
4,1013965.3020501712,2018-01-08,0.0008964441614571,2018-01-08
5,1014211.0287347414,2018-01-09,0.0002423423011355,2018-01-09
6,1013254.5210443116,2018-01-10,-0.0009431051953979,2018-01-10
7,1022805.5349603272,2018-01-11,0.009426075796012,2018-01-11
8,1028769.8687005616,2018-01-12,0.0058313467578816,2018-01-12
9,1023727.9712396242,2018-01-16,-0.0049008992334756,2018-01-16
10,1031997.4520745852,2018-01-17,0.0080778107732539,2018-01-17
11,1028603.4895501712,2018-01-18,-0.003288731495985,2018-01-18
12,1035211.929369507,2018-01-19,0.0064246717870128,2018-01-19
13,1041572.7135491944,2018-01-22,0.0061444270484416,2018-01-22
14,1042386.4402337648,2018-01-23,0.0007812480818525,2018-01-23
15,1043646.3635736086,2018-01-24,0.0012086912216175,2018-01-24
16,1043961.066088257,2018-01-25,0.0003015413320377,2018-01-25
17,1052702.596972046,2018-01-26,0.0083734261437005,2018-01-26
18,1044373.7452874758,2018-01-29,-0.0079118753088736,2018-01-29
19,1033104.7306390384,2018-01-30,-0.0107902125070518,2018-01-30
20,1031806.4768548586,2018-01-31,-0.0012566526371209,2018-01-31
21,1033220.7831292726,2018-02-01,0.0013707088549446,2018-02-01
22,1010582.6780267336,2018-02-02,-0.021910230100072,2018-02-02
23,1009572.7614901124,2018-02-05,-0.0009993408343325,2018-02-05
24,1009572.7614901124,2018-02-06,0.0,2018-02-06
25,1009572.7614901124,2018-02-07,0.0,2018-02-07
26,975964.595595093,2018-02-08,-0.0332894935134882,2018-02-08
27,974989.3058548586,2018-02-09,-0.000999308524752,2018-02-09
28,985621.1215281984,2018-02-12,0.0109045459365506,2018-02-12
29,986990.1684031984,2018-02-13,0.0013890194163832,2018-02-13
30,1001210.3554149172,2018-02-14,0.0144076278234106,2018-02-14
31,1010103.0888133548,2018-02-15,0.0088819830421671,2018-02-15
32,1011875.4940867922,2018-02-16,0.0017546776097077,2018-02-16
33,1003186.9745555422,2018-02-20,-0.008586550007411,2018-02-20
34,998880.460395386,2018-02-21,-0.0042928330105803,2018-02-21
35,999757.8246531984,2018-02-22,0.0008783476027403,2018-02-22
36,1013180.9032664796,2018-02-23,0.013426330139439,2018-02-23
37,1021902.6190867922,2018-02-26,0.0086082512927294,2018-02-26
38,1007619.0849071048,2018-02-27,-0.0139773926721625,2018-02-27
39,994159.5277781984,2018-02-28,-0.0133577830457103,2018-02-28
40,984729.0082469484,2018-03-01,-0.0094859217939859,2018-03-01
41,989975.4657664796,2018-03-02,0.0053278185933318,2018-03-02
42,999437.161567261,2018-03-05,0.0095575053402516,2018-03-05
43,1003736.0297313236,2018-03-06,0.0043012890948754,2018-03-06
44,1004085.5331492922,2018-03-07,0.0003482025229903,2018-03-07
45,1006368.827582886,2018-03-08,0.0022740039152164,2018-03-08
46,1020490.1879344484,2018-03-09,0.0140319930074537,2018-03-09
47,1019561.9872508548,2018-03-12,-0.0009095635554051,2018-03-12
48,1014184.7504344484,2018-03-13,-0.0052740656121413,2018-03-13
49,1008837.2665477296,2018-03-14,-0.0052726920656498,2018-03-14
50,1006795.2587352296,2018-03-15,-0.0020241201234445,2018-03-15
51,1010429.9477000736,2018-03-16,0.0036101570138598,2018-03-16
52,999969.839301636,2018-03-19,-0.0103521361597077,2018-03-19
53,1000778.7558055422,2018-03-20,0.0008089409021287,2018-03-20
54,1002976.675239136,2018-03-21,0.002196209122989,2018-03-21
55,979034.632270386,2018-03-22,-0.0238709867934282,2018-03-22
56,962302.1142039796,2018-03-23,-0.0170908336792984,2018-03-23
57,982753.698676636,2018-03-26,0.0212527689285748,2018-03-26
58,970906.683051636,2018-03-27,-0.0120549183798066,2018-03-27
59,971212.8944774172,2018-03-28,0.0003153870821228,2018-03-28
60,982415.6229930422,2018-03-29,0.0115347814874851,2018-03-29
61,962999.216254761,2018-04-02,-0.0197639433696371,2018-04-02
62,974956.1586375736,2018-04-03,0.0124163573354865,2018-04-03
63,983567.061957886,2018-04-04,,2018-04-04
64,991690.8593211672,2018-04-05,0.00825952563632,2018-04-05
65,973859.6337352296,2018-04-06,-0.017980629163148,2018-04-06
66,976085.858832886,2018-04-09,0.0022859814911082,2018-04-09
67,991364.5429149172,2018-04-10,0.0156530124309965,2018-04-10
68,988285.2001414796,2018-04-11,-0.0031061659360775,2018-04-11
69,993740.9833446048,2018-04-12,0.0055204542194338,2018-04-12
70,990670.1737742922,2018-04-13,-0.0030901508761137,2018-04-13
71,997494.3759227296,2018-04-16,0.0068884703800442,2018-04-16
72,1004414.4852977296,2018-04-17,0.0069374921222975,2018-04-17
73,1006592.556098511,2018-04-18,0.0021684979982499,2018-04-18
74,1001511.001411011,2018-04-19,-0.0050482736601945,2018-04-19
75,996203.9354930422,2018-04-20,-0.0052990590322938,2018-04-20
76,996224.624457886,2018-04-23,2.076780075510598e-05,2018-04-23
77,988832.5888133548,2018-04-24,-0.0074200491164869,2018-04-24
78,988802.7562938236,2018-04-25,-3.016943400602212e-05,2018-04-25
79,993952.343207886,2018-04-26,0.0052079010513319,2018-04-26
80,994522.323676636,2018-04-27,0.0005734484883956,2018-04-27
81,987841.2894969484,2018-04-30,-0.0067178322905698,2018-04-30
82,987276.2206492922,2018-05-01,-0.0005720239209113,2018-05-01
83,982757.0707469484,2018-05-02,-0.0045773916233611,2018-05-02
84,980222.3915477296,2018-05-03,-0.0025791513230144,2018-05-03
85,988903.9276805422,2018-05-04,0.0088567004872279,2018-05-04
86,992036.940864136,2018-05-07,0.0031681673981638,2018-05-07
87,992814.9926219484,2018-05-08,0.0007842971624976,2018-05-08
88,1001262.5062938236,2018-05-09,0.0085086483732137,2018-05-09
89,1008637.4188914796,2018-05-10,0.0073656134642996,2018-05-10
90,1010935.2602000736,2018-05-11,0.002278163853091,2018-05-11
91,1010972.550239136,2018-05-14,3.688667368773047e-05,2018-05-14
92,1006464.4345164796,2018-05-15,-0.0044591870685212,2018-05-15
93,1010699.3222117922,2018-05-16,0.0042076873758056,2018-05-16
94,1011841.4950633548,2018-05-17,0.0011300817428698,2018-05-17
95,1009940.2909617922,2018-05-18,-0.0018789544714643,2018-05-18
96,1016775.9144969484,2018-05-21,0.0067683442242376,2018-05-21
97,1013074.620551636,2018-05-22,-0.0036402258280712,2018-05-22
98,1011824.6200633548,2018-05-23,-0.001233868130662,2018-05-23
99,1008801.2313914796,2018-05-24,-0.0029880560444216,2018-05-24
100,1004606.159614136,2018-05-25,-0.0041584721021378,2018-05-25
101,991552.3964305422,2018-05-29,-0.0129939111548028,2018-05-29
102,1006142.112739136,2018-05-30,0.0147140144697495,2018-05-30
103,998167.5712352296,2018-05-31,-0.0079258599783644,2018-05-31
104,1005900.349067261,2018-06-01,0.0077469736093129,2018-06-01
105,1009994.7655711672,2018-06-04,0.0040703997246873,2018-06-04
106,1010148.3090281984,2018-06-05,0.0001520240126635,2018-06-05
107,1019220.6820750736,2018-06-06,0.0089812287619457,2018-06-06
108,1019026.3075633548,2018-06-07,-0.0001907089555158,2018-06-07
109,1022384.3852000736,2018-06-08,0.0032953787471379,2018-06-08
110,1024260.528754761,2018-06-11,0.0018350667144826,2018-06-11
111,1024257.888129761,2018-06-12,-2.578079429826907e-06,2018-06-12
112,1019762.6527781984,2018-06-13,-0.004388772987407,2018-06-13
113,1019754.985786011,2018-06-14,-7.518408491002937e-06,2018-06-14
114,1017196.8358836672,2018-06-15,-0.0025085926894213,2018-06-15
115,1016335.8339305422,2018-06-18,-0.000846445764233,2018-06-18
116,1011816.5316844484,2018-06-19,-0.0044466623090676,2018-06-19
117,1013870.6000438236,2018-06-20,0.0020300798564294,2018-06-20
118,1006156.392036011,2018-06-21,-0.0076086711731053,2018-06-21
119,1011035.6918406984,2018-06-22,0.004849444721823,2018-06-22
120,997641.8207469484,2018-06-25,-0.0132476738475622,2018-06-25
121,1000684.155707886,2018-06-26,0.0030495262905676,2018-06-26
122,991259.9516063236,2018-06-27,-0.0094177608866963,2018-06-27
123,995993.6288524172,2018-06-28,0.0047754146008045,2018-06-28
124,997671.0302196048,2018-06-29,0.001684148691915,2018-06-29
125,997698.2074656984,2018-07-02,2.724068883486197e-05,2018-07-02
126,998768.1229930422,2018-07-03,,2018-07-03
127,1007726.0998956304,2018-07-05,0.0089690256390475,2018-07-05
128,1019555.552495728,2018-07-06,0.0117387577848018,2018-07-06
129,1028753.9600885016,2018-07-09,0.0090219778316709,2018-07-09
130,1029485.0799429936,2018-07-10,0.0007106848506608,2018-07-10
131,1023383.2627409672,2018-07-11,-0.0059270574395932,2018-07-11
132,1036903.3481789556,2018-07-12,0.013211165288923,2018-07-12
133,1037605.1319255376,2018-07-13,0.0006768072914553,2018-07-13
134,1035462.6653728032,2018-07-16,-0.0020648187704686,2018-07-16
135,1041488.1502360844,2018-07-17,0.0058191232429531,2018-07-17
136,1041815.4620036626,2018-07-18,0.00031427315568,2018-07-18
137,1037780.1409587408,2018-07-19,-0.0038733549194605,2018-07-19
138,1037147.6819743656,2018-07-20,-0.0006094344644046,2018-07-20
139,1039595.4424724126,2018-07-23,0.002360088674534,2018-07-23
140,1040452.6862773442,2018-07-24,0.0008245936543285,2018-07-24
141,1051924.0319804691,2018-07-25,0.0110253410408966,2018-07-25
142,1043201.9186992192,2018-07-26,-0.0082915809660024,2018-07-26
143,1029442.249658936,2018-07-27,-0.0131898425354127,2018-07-27
144,1016239.966455811,2018-07-30,-0.0128246953216647,2018-07-30
145,1021626.1016020512,2018-07-31,0.0053000623120784,2018-07-31
146,1025337.2558989264,2018-08-01,0.0036325954192588,2018-08-01
147,1036365.3437895512,2018-08-02,0.0107555712300306,2018-08-02
148,1038128.5430083012,2018-08-03,0.0017013297765271,2018-08-03
149,1043874.842020264,2018-08-06,0.0055352480679427,2018-08-06
150,1047298.152078858,2018-08-07,0.0032794257709749,2018-08-07
151,1047610.6856350102,2018-08-08,0.0002984188939243,2018-08-08
152,1047642.9002539068,2018-08-09,3.075056348533778e-05,2018-08-09
153,1040544.560166016,2018-08-10,-0.0067755339974816,2018-08-10
154,1037649.407485108,2018-08-13,-0.0027823437762687,2018-08-13
155,1044175.7588410648,2018-08-14,0.0062895533972062,2018-08-14
156,1032259.5025874028,2018-08-15,-0.0114121173114456,2018-08-15
157,1038026.3113937991,2018-08-16,0.0055865882483441,2018-08-16
158,1039731.627311768,2018-08-17,0.0016428445977241,2018-08-17
159,1040732.7967453618,2018-08-20,0.0009629113968403,2018-08-20
160,1045477.0283994144,2018-08-21,0.0045585491961905,2018-08-21
161,1048502.6185644536,2018-08-22,0.0028939805302763,2018-08-22
162,1046885.2670019536,2018-08-23,-0.0015425345953969,2018-08-23
163,1055398.2408608403,2018-08-24,0.008131716174845,2018-08-24
164,1065042.886856934,2018-08-27,0.0091383949893899,2018-08-27
165,1066523.0572670903,2018-08-28,0.0013897754056875,2018-08-28
166,1076061.7430051274,2018-08-29,0.008943722006798,2018-08-29
167,1072883.3777932134,2018-08-30,-0.0029537015255628,2018-08-30
168,1075226.8790070806,2018-08-31,0.0021843019123732,2018-08-31
169,1073043.5352570806,2018-09-04,-0.0020305888855906,2018-09-04
170,1061999.778429688,2018-09-05,-0.0102919932551913,2018-09-05
171,1053690.5897089848,2018-09-06,-0.0078240964729666,2018-09-06
172,1050949.028065186,2018-09-07,-0.0026018659277919,2018-09-07
173,1053164.7713828129,2018-09-10,0.0021083261494672,2018-09-10
174,1059335.2544116215,2018-09-11,0.0058589911061179,2018-09-11
175,1057352.4077652593,2018-09-12,-0.0018717838739951,2018-09-12
176,1065000.9813719487,2018-09-13,0.0072337033050833,2018-09-13
177,1064625.154625245,2018-09-14,-0.0003528886388629,2018-09-14
178,1050891.4990673834,2018-09-17,-0.0128999916056798,2018-09-17
179,1058809.9188610844,2018-09-18,0.0075349546558596,2018-09-18
180,1058899.8133923344,2018-09-19,8.490148198347924e-05,2018-09-19
181,1069225.9501110844,2018-09-20,0.0097517598814838,2018-09-20
182,1064852.0649267582,2018-09-21,-0.0040907024225065,2018-09-21
183,1064671.0387243656,2018-09-24,-0.0001700012690541,2018-09-24
184,1065971.3844274906,2018-09-25,0.0012213591389533,2018-09-25
185,1063440.6092482917,2018-09-26,-0.0023741492653279,2018-09-26
186,1069691.0234274906,2018-09-27,0.0058775394928893,2018-09-27
187,1070303.0739646,2018-09-28,0.0005721750708427,2018-09-28
188,1070170.5820212406,2018-10-01,-0.000123789183253,2018-10-01
189,1066371.324697022,2018-10-02,,2018-10-02
190,1069636.7250876469,2018-10-03,0.0030621607267551,2018-10-03
191,1051696.1252341312,2018-10-04,-0.0167726102074941,2018-10-04
192,1040201.4665427252,2018-10-05,-0.010929638719404,2018-10-05
193,1034304.9291892096,2018-10-08,-0.0056686493368575,2018-10-08
194,1034248.6838278814,2018-10-09,-5.437986394618566e-05,2018-10-09
195,1002848.9091359868,2018-10-10,-0.0303599851591591,2018-10-10
196,980821.4987395027,2018-10-11,-0.0219648345785827,2018-10-11
197,988615.161397828,2018-10-12,0.0079460561053577,2018-10-12
198,987596.7275599372,2018-10-15,-0.0010301620667546,2018-10-15
199,1011103.3349818124,2018-10-16,0.0238018279788683,2018-10-16
200,1007163.9637684334,2018-10-17,-0.0038961113835607,2018-10-17
201,992510.9267811287,2018-10-18,-0.0145488098407318,2018-10-18
202,990212.8613514412,2018-10-19,-0.0023154056722987,2018-10-19
203,986371.6611561287,2018-10-22,-0.003879166132088,2018-10-22
204,980346.3316883552,2018-10-23,-0.006108579255725,2018-10-23
205,952207.504661988,2018-10-24,-0.0287029451907128,2018-10-24
206,969389.022606324,2018-10-25,0.0180438799948703,2018-10-25
207,958155.219871949,2018-10-26,-0.0115885392472998,2018-10-26
208,950388.4575428476,2018-10-29,-0.0081059542003429,2018-10-29
209,967860.476463746,2018-10-30,0.0183840815639437,2018-10-30
210,975145.5882801522,2018-10-31,0.0075270268737739,2018-10-31
211,989185.4790272224,2018-11-01,0.0143977380565627,2018-11-01
212,986966.8149647224,2018-11-02,-0.0022429201697156,2018-11-02
213,991829.3088612068,2018-11-05,0.0049267045484788,2018-11-05
214,998165.0457996834,2018-11-06,0.0063879307476315,2018-11-06
215,1017893.4046864022,2018-11-07,0.0197646260703441,2018-11-07
216,1017335.9570545662,2018-11-08,-0.0005476483384895,2018-11-08
217,1005968.6853260506,2018-11-09,-0.0111735672465825,2018-11-09
218,983774.4472889412,2018-11-12,-0.0220625535971985,2018-11-12
219,980306.6535877694,2018-11-13,-0.003524988589334,2018-11-13
220,972333.1291737068,2018-11-14,-0.0081337042698635,2018-11-14
221,982364.0638660896,2018-11-15,0.0103163559806989,2018-11-15
222,986313.1316151132,2018-11-16,0.004019963569801,2018-11-16
223,969421.9511951912,2018-11-19,-0.0171255759236036,2018-11-19
224,949211.2854237068,2018-11-20,-0.0208481618830344,2018-11-20
225,953291.0691151132,2018-11-21,0.0042980775239993,2018-11-21
226,948729.0282215584,2018-11-23,-0.0047855697397746,2018-11-23
227,961621.2148670662,2018-11-26,0.0135889029027338,2018-11-26
228,961651.6661610116,2018-11-27,3.16666203641347e-05,2018-11-27
229,985703.6100086678,2018-11-28,0.0250110769772524,2018-11-28
230,983923.406151246,2018-11-29,-0.0018060234733301,2018-11-29
231,990791.995628785,2018-11-30,0.0069808172410559,2018-11-30
232,1001621.1406483162,2018-12-03,0.0109297865417845,2018-12-03
233,966309.0752186287,2018-12-04,-0.0352549122583726,2018-12-04
234,963533.2523426522,2018-12-06,-0.0028726035459705,2018-12-06
235,942761.3395008552,2018-12-07,-0.0215580653716868,2018-12-07
236,942590.5457996834,2018-12-10,-0.0001811632425045,2018-12-10
237,940579.4342274178,2018-12-11,-0.0021336004071199,2018-12-11
238,947897.653465699,2018-12-12,0.0077805435372848,2018-12-12
239,944902.489036988,2018-12-13,-0.003159797281658,2018-12-13
240,927321.2934803476,2018-12-14,-0.0186063596621052,2018-12-14
241,907166.812401246,2018-12-17,-0.0217340863633783,2018-12-17
242,909111.5047840584,2018-12-18,0.0021436987731782,2018-12-18
243,894006.6469959725,2018-12-19,-0.0166149671504528,2018-12-19
244,876993.0869373787,2018-12-20,-0.0190306863106246,2018-12-20
245,859000.2574696053,2018-12-21,-0.0205165009117777,2018-12-21
246,836656.6461414803,2018-12-24,-0.0260111811769924,2018-12-24
247,878294.7192615975,2018-12-26,0.0497672173072967,2018-12-26
248,885492.473778199,2018-12-27,0.0081951472082775,2018-12-27
249,884804.8766102303,2018-12-28,-0.0007765138477517,2018-12-28
250,893962.7739490975,2018-12-31,0.0103501885906776,2018-12-31
251,896016.5804676522,2019-01-02,0.0022974183919113,2019-01-02
252,873514.0160145272,2019-01-03,,2019-01-03
253,903567.4111561287,2019-01-04,0.03440516647772,2019-01-04
254,911364.3958973396,2019-01-07,0.0086291123882329,2019-01-07
255,922534.3371815194,2019-01-08,0.0122562844614766,2019-01-08
256,927529.1372303476,2019-01-09,0.0054142158698264,2019-01-09
257,932132.0165028084,2019-01-10,0.0049625171735363,2019-01-10
258,932392.1178211678,2019-01-11,0.0002790391422613,2019-01-11
259,927049.8755115976,2019-01-14,-0.005729609042657,2019-01-14
260,933742.6867908944,2019-01-15,0.0072194727124075,2019-01-15
261,939442.750755738,2019-01-16,0.0061045339850893,2019-01-16
262,946352.3369373787,2019-01-17,0.0073549837667938,2019-01-17
263,958343.0869373787,2019-01-18,0.012670492301847,2019-01-18
264,945158.828880738,2019-01-22,-0.0137573466500124,2019-01-22
265,948928.9768299568,2019-01-23,0.0039889041227954,2019-01-23
266,950509.0804676522,2019-01-24,0.0016651442587134,2019-01-24
267,959219.7215809334,2019-01-25,0.0091641850585957,2019-01-25
268,951803.2636951912,2019-01-28,-0.007731761262705,2019-01-28
269,952703.321068238,2019-01-29,0.0009456338377666,2019-01-29
270,967310.04836316,2019-01-30,0.0153318740177621,2019-01-30
271,969573.3844227304,2019-01-31,0.0023398248197672,2019-01-31
272,971803.3137440194,2019-02-01,0.0022999077296421,2019-02-01
273,979665.1230701912,2019-02-04,0.0080899182118272,2019-02-04
274,984713.9907459724,2019-02-05,0.0051536668570566,2019-02-05
275,983691.581566285,2019-02-06,-0.0010382803426129,2019-02-06
276,975312.4498524178,2019-02-07,-0.0085180475983391,2019-02-07
277,973831.152244996,2019-02-08,-0.0015187928828818,2019-02-08
278,975129.0766834724,2019-02-11,0.0013328023399994,2019-02-11
279,988918.2368397224,2019-02-12,0.0141408563091447,2019-02-12
280,992976.71242566,2019-02-13,0.0041039546392704,2019-02-13
281,990738.0802235116,2019-02-14,-0.0022544659649468,2019-02-14
282,1007420.2470936287,2019-02-15,0.0168381201884899,2019-02-15
283,1008741.9289783944,2019-02-19,0.0013119469144864,2019-02-19
284,1011914.5101551522,2019-02-20,0.0031450870491434,2019-02-20
285,1007914.0598377694,2019-02-21,-0.0039533481111654,2019-02-21
286,1015715.3637928476,2019-02-22,0.0077400487461538,2019-02-22
287,1017012.7192615976,2019-02-25,0.0012772825094478,2019-02-25
288,1013716.2251209724,2019-02-26,-0.0032413499636645,2019-02-26
289,1012583.3215565194,2019-02-27,-0.0011175746588429,2019-02-27
290,1009613.6574940194,2019-02-28,-0.0029327601978819,2019-02-28
291,1015483.148338746,2019-03-01,0.0058136008770872,2019-03-01
292,1007085.11476941,2019-03-04,-0.0082699881165674,2019-03-04
293,1005221.5456776132,2019-03-05,-0.0018504583817858,2019-03-05
294,995058.130028199,2019-03-06,-0.0101106225718261,2019-03-06
295,987042.6803211678,2019-03-07,-0.0080552577433884,2019-03-07
296,986053.253903199,2019-03-08,-0.0010024150299628,2019-03-08
297,997031.2644350594,2019-03-11,0.0111332836116153,2019-03-11
298,994760.085724122,2019-03-12,-0.0022779413163381,2019-03-12
299,999924.8684389656,2019-03-13,0.0051919882883963,2019-03-13
300,998797.7200014656,2019-03-14,-0.0011272331282845,2019-03-14
301,1003278.7165834968,2019-03-15,0.0044863904795704,2019-03-15
302,1007161.7820131844,2019-03-18,0.0038703755651376,2019-03-18
303,1004617.0315249033,2019-03-19,-0.002526655134982,2019-03-19
304,998476.9363100594,2019-03-20,-0.0061118764884203,2019-03-20
305,1008228.7619936533,2019-03-21,0.0097667009912441,2019-03-21
306,984317.6282045906,2019-03-22,-0.0237159806290202,2019-03-22
307,986133.260040528,2019-03-25,0.0018445588943167,2019-03-25
308,993035.1423647468,2019-03-26,0.0069989347321426,2019-03-26
309,990915.8127749033,2019-03-27,-0.0021341939468495,2019-03-27
310,996007.2102358406,2019-03-28,0.0051380726750942,2019-03-28
311,998793.4903847666,2019-03-29,0.0027974497777643,2019-03-29
312,1009585.2677285166,2019-04-01,0.0108048134550744,2019-04-01
313,1008101.6539589852,2019-04-02,-0.0014695279506893,2019-04-02
314,1011115.1129433603,2019-04-03,0.0029892411866805,2019-04-03
315,1014539.8243691416,2019-04-04,,2019-04-04
316,1020413.2822915048,2019-04-05,0.0057892827676977,2019-04-05
317,1021329.8386376963,2019-04-08,0.0008982207132126,2019-04-08
318,1015238.6891650402,2019-04-09,-0.0059639396032734,2019-04-09
319,1022245.33066504,2019-04-10,0.0069014721117084,2019-04-10
320,1020084.64316504,2019-04-11,-0.0021136682508438,2019-04-11
321,1024795.08066504,2019-04-12,0.0046176927881051,2019-04-12
322,1023751.83066504,2019-04-15,-0.0010180083996138,2019-04-15
323,1026852.01816504,2019-04-16,0.0030282607631442,2019-04-16
324,1026320.83066504,2019-04-17,-0.0005172970307339,2019-04-17
325,1026574.26816504,2019-04-18,0.0002469378896223,2019-04-18
326,1028777.14316504,2019-04-22,0.0021458505909539,2019-04-22
327,1042287.51816504,2019-04-23,0.0131324603095626,2019-04-23
328,1039879.83066504,2019-04-24,-0.0023100031978112,2019-04-24
329,1042013.64316504,2019-04-25,0.0020519798894795,2019-04-25
330,1045561.76816504,2019-04-26,0.0034050657813105,2019-04-26
331,1047539.39316504,2019-04-29,0.0018914473158966,2019-04-29
332,1039032.51816504,2019-04-30,-0.0081208163201359,2019-04-30
333,1033176.51816504,2019-05-01,-0.0056360122494932,2019-05-01
334,1031529.14316504,2019-05-02,-0.0015944758432235,2019-05-02
335,1047814.58066504,2019-05-03,0.015787665920937,2019-05-03
336,1042603.70566504,2019-05-06,-0.0049730888423911,2019-05-06
337,1022183.83066504,2019-05-07,-0.0195854617521955,2019-05-07
338,1019567.51816504,2019-05-08,-0.0025595322695506,2019-05-08
339,1015378.08066504,2019-05-09,-0.0041090339044341,2019-05-09
340,1016190.89316504,2019-05-10,0.0008005023108905,2019-05-10
341,981641.14316504,2019-05-13,-0.0339992714286101,2019-05-13
342,992837.33066504,2019-05-14,0.0114055809273649,2019-05-14
343,1004057.76816504,2019-05-15,0.0113013855879937,2019-05-15
344,1013772.95566504,2019-05-16,0.009675924840216,2019-05-16
345,1003306.39316504,2019-05-17,-0.0103243654720833,2019-05-17
346,988727.20566504,2019-05-20,-0.0145311418319665,2019-05-20
347,999394.76816504,2019-05-21,0.0107891867836535,2019-05-21
348,994930.08066504,2019-05-22,-0.0044673913074384,2019-05-22
349,979242.39316504,2019-05-23,-0.0157676281025836,2019-05-23
350,980359.83066504,2019-05-24,0.0011411245140116,2019-05-24
351,976563.39316504,2019-05-28,-0.0038724939366646,2019-05-28
352,968878.26816504,2019-05-29,-0.0078695608024917,2019-05-29
353,971490.76816504,2019-05-30,0.0026964171721466,2019-05-30
354,956825.76816504,2019-05-31,-0.0150953570332936,2019-05-31
355,941449.14316504,2019-06-03,-0.016070454529552,2019-06-03
356,966293.95566504,2019-06-04,0.0263899677219681,2019-06-04
357,972484.01816504,2019-06-05,0.0064059828416702,2019-06-05
358,977612.95566504,2019-06-06,0.005274058394993,2019-06-06
359,993811.39316504,2019-06-07,0.0165693768746963,2019-06-07
360,1004188.33066504,2019-06-10,0.01044155618598,2019-06-10
361,1004111.51816504,2019-06-11,-7.64921256843909e-05,2019-06-11
362,1000290.76816504,2019-06-12,-0.003805105240683,2019-06-12
363,1005975.20566504,2019-06-13,0.0056827851269962,2019-06-13
364,1000795.08066504,2019-06-14,-0.0051493565356568,2019-06-14
365,1006985.14316504,2019-06-17,0.0061851448109504,2019-06-17
366,1020919.20566504,2019-06-18,0.0138374062364059,2019-06-18
367,1025199.51816504,2019-06-19,0.0041926065023056,2019-06-19
368,1033394.08066504,2019-06-20,0.0079931392424639,2019-06-20
369,1030881.45566504,2019-06-21,-0.0024314296423906,2019-06-21
370,1027552.20566504,2019-06-24,-0.0032295177895621,2019-06-24
371,1012066.76816504,2019-06-25,-0.0150702197072096,2019-06-25
372,1015298.76816504,2019-06-26,0.0031934651958387,2019-06-26
373,1022695.83066504,2019-06-27,0.0072856017676143,2019-06-27
374,1027621.33066504,2019-06-28,0.0048161925103351,2019-06-28
375,1038491.08066504,2019-07-01,0.0105775830801073,2019-07-01
376,1040786.08066504,2019-07-02,0.0022099371316028,2019-07-02
377,1048612.01816504,2019-07-03,0.007519256497934,2019-07-03
378,1047531.70566504,2019-07-05,,2019-07-05
379,1040249.0605556652,2019-07-08,-0.0069521954037194,2019-07-08
380,1038969.5797919934,2019-07-09,-0.0012299754089547,2019-07-09
381,1041842.819049806,2019-07-10,0.0027654700519603,2019-07-10
382,1043854.1559638684,2019-07-11,0.0019305569681777,2019-07-11
383,1046701.319049806,2019-07-12,0.0027275487381746,2019-07-12
384,1046593.0797919934,2019-07-15,-0.0001034098800131,2019-07-15
385,1043575.3415107434,2019-07-16,-0.0028833921602555,2019-07-16
386,1037632.9059638684,2019-07-17,-0.0056943042926563,2019-07-17
387,1041482.6129951184,2019-07-18,0.0037100857240779,2019-07-18
388,1037002.526081056,2019-07-19,-0.0043016435014489,2019-07-19
389,1036827.0905341808,2019-07-22,-0.0001691756215271,2019-07-22
390,1043759.3405341808,2019-07-23,0.0066860232176499,2019-07-23
391,1046714.7428779308,2019-07-24,0.0028314978644765,2019-07-24
392,1041529.2106513684,2019-07-25,-0.004954102597528,2019-07-25
393,1046759.7975654308,2019-07-26,0.0050220261328928,2019-07-26
394,1045741.5153388684,2019-07-29,-0.0009727945503169,2019-07-29
395,1042944.8844794934,2019-07-30,-0.0026743041357296,2019-07-30
396,1033416.666706056,2019-07-31,-0.0091358785255395,2019-07-31
397,1021900.1022529308,2019-08-01,-0.011144163650692,2019-08-01
398,1015476.569049806,2019-08-02,-0.0062858719643567,2019-08-02
399,988442.7536201184,2019-08-05,-0.0266218012838872,2019-08-05
400,998778.3297919934,2019-08-06,0.0104564236360897,2019-08-06
401,999159.1344794934,2019-08-07,0.0003812704742796,2019-08-07
402,1014632.1022529308,2019-08-08,0.0154859894079815,2019-08-08
403,1008280.471393556,2019-08-09,-0.0062600334104071,2019-08-09
404,995468.276081056,2019-08-12,-0.0127069755648367,2019-08-12
405,1006379.7653388684,2019-08-13,0.010961162218819,2019-08-13
406,978231.2321357434,2019-08-14,-0.0279700905886624,2019-08-14
407,981508.9606513684,2019-08-15,0.0033506684390651,2019-08-15
408,995007.6999091808,2019-08-16,0.0137530473984202,2019-08-16
409,1003500.1999091808,2019-08-19,0.0085351098295773,2019-08-19
410,996508.6999091808,2019-08-20,-0.0069671137092277,2019-08-20
411,1004219.069049806,2019-08-21,0.0077373826654274,2019-08-21
412,1003543.6344794934,2019-08-22,-0.000672596837811,2019-08-22
413,982054.8629951184,2019-08-23,-0.0214128920219005,2019-08-23
414,990205.2868232434,2019-08-26,0.0082993569252001,2019-08-26
415,986605.2321357434,2019-08-27,-0.0036356649832174,2019-08-27
416,993334.5045966808,2019-08-28,0.0068206332601443,2019-08-28
417,1004773.6891669934,2019-08-29,0.0115159440423919,2019-08-29
418,1007368.8083076184,2019-08-30,0.0025827897053878,2019-08-30
419,1001563.928424806,2019-09-03,-0.0057624177311631,2019-09-03
420,1012064.6022529308,2019-09-04,0.0104842771690467,2019-09-04
421,1021658.319049806,2019-09-05,0.0094793521831695,2019-09-05
422,1022892.3083076184,2019-09-06,0.0012078296968796,2019-09-06
423,1025052.1559638684,2019-09-09,0.002111510311211,2019-09-09
424,1027678.1344794934,2019-09-10,0.0025617999048601,2019-09-10
425,1034665.6999091808,2019-09-11,0.00679937151064,2019-09-11
426,1037323.2321357434,2019-09-12,0.0025684935982663,2019-09-12
427,1037978.1452216808,2019-09-13,0.0006313490970304,2019-09-13
428,1036685.7545966808,2019-09-16,-0.0012451038886989,2019-09-16
429,1038536.6999091808,2019-09-17,0.0017854449183785,2019-09-17
430,1037580.7536201184,2019-09-18,-0.0009204742491488,2019-09-18
431,1036944.0475654308,2019-09-19,-0.0006136448199005,2019-09-19
432,1035565.4821357434,2019-09-20,-0.0013294501597498,2019-09-20
433,1034896.373737306,2019-09-23,-0.0006461285258925,2019-09-23
434,1027543.819049806,2019-09-24,-0.0071046289020685,2019-09-24
435,1031126.5153388684,2019-09-25,0.0034866603473664,2019-09-25
436,1030425.776081056,2019-09-26,-0.0006795861103253,2019-09-26
437,1025941.7545966808,2019-09-27,-0.0043516200666376,2019-09-27
438,1028529.776081056,2019-09-30,0.002522581299357,2019-09-30
439,1015147.916706056,2019-10-01,-0.0130106679322284,2019-10-01
440,997221.2428779308,2019-10-02,-0.0176591741293163,2019-10-02
441,1003331.0905341808,2019-10-03,,2019-10-03
442,1014847.7321357434,2019-10-04,0.0114784059920149,2019-10-04
443,1010596.776081056,2019-10-07,-0.0041887624321151,2019-10-07
444,995837.1999091808,2019-10-08,-0.0146048122467898,2019-10-08
445,1003756.9499091808,2019-10-09,0.0079528561503048,2019-10-09
446,1009669.2975654308,2019-10-10,0.005890218400764,2019-10-10
447,1022381.971393556,2019-10-11,0.0125909283948502,2019-10-11
448,1019956.6559638684,2019-10-14,-0.0023722204592298,2019-10-14
449,1028632.4606513684,2019-10-15,0.0085060523275877,2019-10-15
450,1027751.5797919934,2019-10-16,-0.0008563611329329,2019-10-16
451,1031254.5045966808,2019-10-17,0.0034083380396228,2019-10-17
452,1028679.8297919934,2019-10-18,-0.0024966434504879,2019-10-18
453,1035155.5153388684,2019-10-21,0.0062951419473096,2019-10-21
454,1033832.2653388684,2019-10-22,-0.0012783103411924,2019-10-22
455,1037192.0797919934,2019-10-23,0.0032498641856797,2019-10-23
456,1037548.428424806,2019-10-24,0.0003435705302377,2019-10-24
457,1039708.276081056,2019-10-25,0.0020816837046624,2019-10-25
458,1042883.2428779308,2019-10-28,0.003053709266259,2019-10-28
459,1044716.0583076184,2019-10-29,0.0017574502632045,2019-10-29
460,1047432.069049806,2019-10-30,0.0025997597343216,2019-10-30
461,1041728.2536201184,2019-10-31,-0.0054455230064339,2019-10-31
462,1051876.5905341809,2019-11-01,0.0097418274668041,2019-11-01
463,1056235.0915107434,2019-11-04,0.0041435478418139,2019-11-04
464,1054982.8952216809,2019-11-05,-0.0011855280127754,2019-11-05
465,1055929.3522529309,2019-11-06,0.0008971302146572,2019-11-06
466,1059403.7321357434,2019-11-07,0.0032903525935703,2019-11-07
467,1060371.4821357434,2019-11-08,0.0009134855491297,2019-11-08
468,1058816.7868232434,2019-11-11,-0.0014661798612016,2019-11-11
469,1058777.2868232434,2019-11-12,-3.730579311889137e-05,2019-11-12
470,1058574.2321357434,2019-11-13,-0.0001917822473405,2019-11-13
471,1059123.2975654309,2019-11-14,0.0005186839174988,2019-11-14
472,1067099.1344794934,2019-11-15,0.0075306028414219,2019-11-15
473,1066376.2536201184,2019-11-18,-0.0006774261509711,2019-11-18
474,1064996.916706056,2019-11-19,-0.0012934805228266,2019-11-19
475,1061279.9821357434,2019-11-20,-0.003490089512943,2019-11-20
476,1060262.471393556,2019-11-21,-0.0009587580650864,2019-11-21
477,1062990.3629951184,2019-11-22,0.0025728455690572,2019-11-22
478,1070253.5797919934,2019-11-25,0.0068328152819843,2019-11-25
479,1072372.3844794934,2019-11-26,0.001979722121473,2019-11-26
480,1076157.2868232434,2019-11-27,0.0035294664414424,2019-11-27
481,1071226.8844794934,2019-11-29,-0.0045814886021952,2019-11-29
482,1063567.819049806,2019-12-02,-0.0071498069556096,2019-12-02
483,1057076.3952216809,2019-12-03,-0.0061034413714439,2019-12-03
484,1064334.9059638684,2019-12-04,0.006866590508499,2019-12-04
485,1066256.9821357434,2019-12-05,0.0018058941420646,2019-12-05
486,1074630.2106513684,2019-12-06,0.0078529178761888,2019-12-06
487,1072005.8522529309,2019-12-09,-0.0024421036859244,2019-12-09
488,1071234.7536201184,2019-12-10,-0.0007193044993103,2019-12-10
489,1073968.971393556,2019-12-11,0.0025523983087716,2019-12-11
490,1083250.6999091809,2019-12-12,0.0086424550083428,2019-12-12
491,1083245.1452216809,2019-12-13,-5.1277949789652055e-06,2019-12-13
492,1090972.178424806,2019-12-16,0.007133226709771,2019-12-16
493,1090987.916706056,2019-12-17,1.442592355815897e-05,2019-12-17
494,1091292.8844794934,2019-12-18,0.0002795335940641,2019-12-18
495,1093857.221393556,2019-12-19,0.0023498154808234,2019-12-19
496,1098406.0475654309,2019-12-20,0.0041585191219744,2019-12-20
497,1099254.526081056,2019-12-23,0.0007724634414618,2019-12-23
498,1098871.3297919934,2019-12-24,-0.0003485965078794,2019-12-24
499,1102448.471393556,2019-12-26,0.0032552870427875,2019-12-26
500,1102742.3297919934,2019-12-27,0.000266550687912,2019-12-27
501,1097371.178424806,2019-12-30,-0.0048707220373055,2019-12-30
502,1100284.6891669934,2019-12-31,0.0026549911274047,2019-12-31
503,1107352.026081056,2020-01-02,0.0064231893651205,2020-01-02
504,1100602.2321357434,2020-01-03,,2020-01-03
505,1102557.4821357434,2020-01-06,0.0017765273801106,2020-01-06
506,1099132.8629951184,2020-01-07,-0.0031060685688615,2020-01-07
507,1101976.0915107434,2020-01-08,0.0025867923809295,2020-01-08
508,1106969.678424806,2020-01-09,0.0045314838974561,2020-01-09
509,1103834.9059638684,2020-01-10,-0.0028318503406509,2020-01-10
510,1110524.678424806,2020-01-13,0.0060604827993693,2020-01-13
511,1110088.5583076184,2020-01-14,-0.0003927153764886,2020-01-14
512,1111360.5045966809,2020-01-15,0.0011458061427114,2020-01-15
513,1118355.9391669934,2020-01-16,0.0062944782915883,2020-01-16
514,1121628.1129951184,2020-01-17,0.0029258787059889,2020-01-17
515,1115843.7545966809,2020-01-21,-0.0051571089663501,2020-01-21
516,1115864.276081056,2020-01-22,1.8391001688655703e-05,2020-01-22
517,1115216.4606513684,2020-01-23,-0.0005805503801614,2020-01-23
518,1105454.4059638684,2020-01-24,-0.0087535066347552,2020-01-24
519,1088953.666706056,2020-01-27,-0.0149266574621186,2020-01-27
520,1097486.5153388684,2020-01-28,0.0078358234089273,2020-01-28
521,1094816.2536201184,2020-01-29,-0.0024330701848537,2020-01-29
522,1096246.971393556,2020-01-30,0.0013068108631988,2020-01-30
523,1076669.166706056,2020-01-31,-0.0178589361689296,2020-01-31
524,1081710.971393556,2020-02-03,0.0046827798579249,2020-02-03
525,1096319.6452216809,2020-02-04,0.0135051545324578,2020-02-04
526,1109119.2653388684,2020-02-05,0.0116750805050103,2020-02-05
527,1109916.3629951184,2020-02-06,0.0007186762336208,2020-02-06
528,1101777.7428779309,2020-02-07,-0.0073326427004151,2020-02-07
529,1105929.2545966809,2020-02-10,0.0037680119657399,2020-02-10
530,1111427.623737306,2020-02-11,0.0049717186861379,2020-02-11
531,1117976.7545966809,2020-02-12,0.0058925392166813,2020-02-12
532,1114979.4606513684,2020-02-13,-0.0026809984491974,2020-02-13
533,1114845.1452216809,2020-02-14,-0.0001204644878471,2020-02-14
534,1110237.069049806,2020-02-18,-0.0041333777983656,2020-02-18
535,1114038.5583076184,2020-02-19,0.0034240338066409,2020-02-19
536,1112012.2545966809,2020-02-20,-0.0018188811292274,2020-02-20
537,1105241.9391669934,2020-02-21,-0.0060883460606673,2020-02-21
538,1070350.7868232434,2020-02-24,-0.0315687915082619,2020-02-24
539,1069281.5913339856,2020-02-25,-0.0009989206365056,2020-02-25
540,1069281.5913339856,2020-02-26,0.0,2020-02-26
541,1027717.5739033216,2020-02-27,-0.038870974463154,2020-02-27
542,1026690.1116137708,2020-02-28,-0.0009997516006741,2020-02-28
543,1061572.397296144,2020-03-02,0.033975476424473,2020-03-02
544,1060513.3182907728,2020-03-03,-0.0009976512276209,2020-03-03
545,1097860.9460822768,2020-03-04,0.03521655706474,2020-03-04
546,1096764.8487297378,2020-03-05,-0.000998393609364,2020-03-05
547,1074582.8981418472,2020-03-06,-0.0202248919753231,2020-03-06
548,1073508.601504152,2020-03-09,-0.0009997336078518,2020-03-09
549,1073508.601504152,2020-03-10,0.0,2020-03-10
550,1073508.601504152,2020-03-11,0.0,2020-03-11
551,1073508.601504152,2020-03-12,0.0,2020-03-12
552,1073508.601504152,2020-03-13,0.0,2020-03-13
553,1073508.601504152,2020-03-16,0.0,2020-03-16
554,1073508.601504152,2020-03-17,0.0,2020-03-17
555,1073508.601504152,2020-03-18,0.0,2020-03-18
556,1073508.601504152,2020-03-19,0.0,2020-03-19
557,1073508.601504152,2020-03-20,0.0,2020-03-20
558,1073508.601504152,2020-03-23,0.0,2020-03-23
559,1073508.601504152,2020-03-24,0.0,2020-03-24
560,1073508.601504152,2020-03-25,0.0,2020-03-25
561,1073508.601504152,2020-03-26,0.0,2020-03-26
562,1036010.5202189956,2020-03-27,-0.0349303966755512,2020-03-27
563,1061091.6002971206,2020-03-30,0.0242092909180335,2020-03-30
564,1048527.173051027,2020-03-31,-0.0118410392114831,2020-03-31
565,999056.1486369644,2020-04-01,-0.0471814423942019,2020-04-01
566,1020127.8009807144,2020-04-02,0.0210915596410656,2020-04-02
567,1000318.678910402,2020-04-03,,2020-04-03
568,1070207.1228313006,2020-04-06,0.0698661790430872,2020-04-06
569,1067159.6665651873,2020-04-07,-0.002847538762451,2020-04-07
570,1096942.9673464373,2020-04-08,0.0279089453194121,2020-04-08
571,1107354.3540651873,2020-04-09,0.009491274413232,2020-04-09
572,1106248.8547702653,2020-04-13,-0.0009983247827252,2020-04-13
573,1106248.8547702653,2020-04-14,0.0,2020-04-14
574,1087307.631059816,2020-04-15,-0.0171220278590775,2020-04-15
575,1102666.6022512224,2020-04-16,0.0141256906073909,2020-04-16
576,1121120.422807863,2020-04-17,0.0167356302611914,2020-04-17
577,1107604.8918020036,2020-04-20,-0.0120553784686301,2020-04-20
578,1070147.504839113,2020-04-21,-0.03381836541183,2020-04-21
579,1098947.196245363,2020-04-22,0.0269118895068394,2020-04-22
580,1098749.8170949724,2020-04-23,-0.0001796074925756,2020-04-23
581,1116192.4250051286,2020-04-24,0.015874958647341,2020-04-24
582,1129471.346635988,2020-04-27,0.0118966240348732,2020-04-27
583,1115885.3600637224,2020-04-28,-0.0120286243761119,2020-04-28
584,1153357.99971216,2020-04-29,0.0335810836753853,2020-04-29
585,1148431.8571340349,2020-04-30,-0.004271130541735,2020-04-30
586,1112698.8188039567,2020-05-01,-0.0311146352376984,2020-05-01
587,1124345.4679738786,2020-05-04,0.0104670275308109,2020-05-04
588,1136473.7792531757,2020-05-05,0.0107869970794232,2020-05-05
589,1139218.9506398942,2020-05-06,0.0024155166945627,2020-05-06
590,1154662.5331594257,2020-05-07,0.0135562900449088,2020-05-07
591,1173154.8483449724,2020-05-08,0.0160153418461994,2020-05-08
592,1180291.5019094257,2020-05-11,0.0060833005758116,2020-05-11
593,1155966.2836477067,2020-05-12,-0.0206095004686269,2020-05-12
594,1137567.6049367692,2020-05-13,-0.0159162762540786,2020-05-13
595,1148515.0854055192,2020-05-14,0.0096235866960703,2020-05-14
596,1156595.865434816,2020-05-15,0.0070358501442266,2020-05-15
597,1186651.6027395036,2020-05-18,0.0259863779587248,2020-05-18
598,1178922.2284719257,2020-05-19,-0.0065136003269485,2020-05-19
599,1202321.939653566,2020-05-20,0.0198483925542487,2020-05-20
600,1191175.99189966,2020-05-21,-0.0092703521297446,2020-05-21
601,1195764.642778566,2020-05-22,0.0038522022859008,2020-05-22
602,1200560.1171438005,2020-05-26,0.0040103831420297,2020-05-26
603,1211722.2074758315,2020-05-27,0.0092974022480327,2020-05-27
604,1206815.604448488,2020-05-28,-0.0040492804349644,2020-05-28
605,1220201.219682863,2020-05-29,0.0110916822628359,2020-05-29
606,1227435.561479738,2020-06-01,0.0059288104946781,2020-06-01
607,1235301.5871145036,2020-06-02,0.0064085039423842,2020-06-02
608,1246497.0688039567,2020-06-03,0.0090629541856286,2020-06-03
609,1238850.7284719257,2020-06-04,-0.0061342625854452,2020-06-04
610,1265938.3844777849,2020-06-05,0.0218651491929708,2020-06-05
611,1280428.3131887224,2020-06-08,0.0114459983902888,2020-06-08
612,1281084.6266652849,2020-06-09,0.0005125733864226,2020-06-09
613,1286228.0241262224,2020-06-10,0.0040148772016146,2020-06-10
614,1216730.5683156757,2020-06-11,-0.0540319869470724,2020-06-11
615,1229828.164995363,2020-06-12,0.0107645825795423,2020-06-12
616,1245799.0836965349,2020-06-15,0.0129863009774475,2020-06-15
617,1267959.4835988786,2020-06-16,0.0177881009806086,2020-06-16
618,1268424.2492238786,2020-06-17,0.0003665461168214,2020-06-17
619,1271840.8610402849,2020-06-18,0.0026935875898752,2020-06-18
620,1270581.4835988786,2020-06-19,-0.0009902004881146,2020-06-19
621,1283408.209184816,2020-06-22,0.0100951617440592,2020-06-22
622,1292092.4379445815,2020-06-23,0.0067665367087541,2020-06-23
623,1262666.9818898942,2020-06-24,-0.0227734914241093,2020-06-24
624,1276425.25361841,2020-06-25,0.0108961998102801,2020-06-25
625,1243798.0397512224,2020-06-26,-0.0255613979547144,2020-06-26
626,1259424.0109426286,2020-06-29,0.0125631096785872,2020-06-29
627,1282073.3793508315,2020-06-30,0.0179839102728007,2020-06-30
628,1293045.150591066,2020-07-01,0.008557834065465,2020-07-01
629,1299604.49189966,2020-07-02,0.0050727859778101,2020-07-02
630,1326630.7292043474,2020-07-06,,2020-07-06
631,1318767.8106252458,2020-07-07,-0.0059269836029031,2020-07-07
632,1326702.808531496,2020-07-08,0.0060169787602626,2020-07-08
633,1321960.5062681905,2020-07-09,-0.0035745023171803,2020-07-09
634,1337843.588097048,2020-07-10,0.0120147929938501,2020-07-10
635,1327469.5738603538,2020-07-13,-0.0077542803426297,2020-07-13
636,1337971.602106081,2020-07-14,0.00791131371485,2020-07-14
637,1336633.7957042258,2020-07-15,-0.0009998765293297,2020-07-15
638,1336633.7957042258,2020-07-16,0.0,2020-07-16
639,1340661.5365189232,2020-07-17,0.0030133465333901,2020-07-17
640,1341740.3707503686,2020-07-20,0.0008047029037967,2020-07-20
641,1350750.0926490503,2020-07-21,0.0067149517858235,2020-07-21
642,1353166.4361507597,2020-07-22,0.0017888901247233,2020-07-22
643,1335125.3488001735,2020-07-23,-0.0133324969261768,2020-07-23
644,1328801.924448611,2020-07-24,-0.0047362027522325,2020-07-24
645,1342687.2673751249,2020-07-27,0.0104495204823515,2020-07-27
646,1334332.478983401,2020-07-28,-0.0062224380872074,2020-07-28
647,1350781.2412734402,2020-07-29,0.0123273341158349,2020-07-29
648,1345333.6356381865,2020-07-30,-0.004032929588301,2020-07-30
649,1355642.2962827175,2020-07-31,0.0076625309673767,2020-07-31
650,1365367.152239749,2020-08-03,0.0071736150337722,2020-08-03
651,1370293.7118100617,2020-08-04,0.0036082306229727,2020-08-04
652,1379095.3558530302,2020-08-05,0.0064231806415737,2020-08-05
653,1387950.771380374,2020-08-06,0.0064211771069784,2020-08-06
654,1388828.499895999,2020-08-07,0.0006323916767969,2020-08-07
655,1392633.1356381865,2020-08-10,0.0027394568461638,2020-08-10
656,1381546.2035092802,2020-08-11,-0.0079611290620523,2020-08-11
657,1400863.5081967802,2020-08-12,0.0139823804939942,2020-08-12
658,1397998.5594663117,2020-08-13,-0.0020451305310654,2020-08-13
659,1397758.5081967802,2020-08-14,-0.0001717106701618,2020-08-14
660,1401542.423724124,2020-08-17,0.0027071310996527,2020-08-17
661,1404767.499895999,2020-08-18,0.0023010906536138,2020-08-18
662,1398586.5081967802,2020-08-19,-0.0044000104641347,2020-08-19
663,1402999.7118100617,2020-08-20,0.0031554741786914,2020-08-20
664,1407822.771380374,2020-08-21,0.003437676807567,2020-08-21
665,1421948.499895999,2020-08-24,0.0100337406119483,2020-08-24
666,1427057.2962827175,2020-08-25,0.0035928139360126,2020-08-25
667,1441592.7796811552,2020-08-26,0.0101856340570909,2020-08-26
668,1444002.2879819365,2020-08-27,0.0016714208996762,2020-08-27
669,1453714.7118100617,2020-08-28,0.0067260446253853,2020-08-28
670,1450526.9320249052,2020-08-31,-0.0021928510176436,2020-08-31
671,1461431.6273374052,2020-09-01,0.0075177475658982,2020-09-01
672,1483866.3641538117,2020-09-02,0.0153512052132609,2020-09-02
673,1431793.4320249052,2020-09-03,-0.0350927370461701,2020-09-03
674,1420159.9915952175,2020-09-04,-0.008125082969011,2020-09-04
675,1380780.3641538117,2020-09-08,-0.0277290077698727,2020-09-08
676,1408567.9915952175,2020-09-09,0.0201245818399478,2020-09-09
677,1383823.2035092802,2020-09-10,-0.0175673366380516,2020-09-10
678,1384560.1356381865,2020-09-11,0.0005325334385473,2020-09-11
679,1402184.1439389675,2020-09-14,0.0127289583508467,2020-09-14
680,1409495.347552249,2020-09-15,0.0052141536793754,2020-09-15
681,1402991.423724124,2020-09-16,-0.0046143634595317,2020-09-16
682,1391200.7118100617,2020-09-17,-0.0084039800348636,2020-09-17
683,1375659.1356381865,2020-09-18,-0.0111713400086276,2020-09-18
684,1359757.4320249052,2020-09-21,-0.0115593341412327,2020-09-21
685,1358399.0731606474,2020-09-22,-0.0009989714578981,2020-09-22
686,1358399.0731606474,2020-09-23,0.0,2020-09-23
687,1359439.471529788,2020-09-24,0.0007659003820725,2020-09-24
688,1366356.1976289093,2020-09-25,0.0050879250190798,2020-09-25
689,1391353.2722884552,2020-09-28,0.0182946984855956,2020-09-28
690,1386354.9851217072,2020-09-29,-0.0035923925765646,2020-09-29
691,1398471.0370284456,2020-09-30,0.0087395018135811,2020-09-30
692,1404300.710520633,2020-10-01,0.0041686050964448,2020-10-01
693,1395088.878489383,2020-10-02,,2020-10-02
694,1420995.5509591098,2020-10-05,0.0185699082468342,2020-10-05
695,1400728.1554220004,2020-10-06,-0.0142628142103821,2020-10-06
696,1426311.1569796177,2020-10-07,0.0182640731954943,2020-10-07
697,1433065.5983858677,2020-10-08,0.0047356016064217,2020-10-08
698,1449002.9157686802,2020-10-09,0.0111211359764433,2020-10-09
699,1477857.9460421177,2020-10-12,0.019913714430402,2020-10-12
700,1474151.065182743,2020-10-13,-0.0025082795469635,2020-10-13
701,1463433.182370243,2020-10-14,-0.0072705457843774,2020-10-14
702,1458543.1599093052,2020-10-15,-0.0033414729964079,2020-10-15
703,1456937.2770968052,2020-10-16,-0.0011010183700014,2020-10-16
704,1433959.7224093052,2020-10-19,-0.0157711351399332,2020-10-19
705,1439008.6569796177,2020-10-20,0.0035209737703296,2020-10-20
706,1434703.8044405552,2020-10-21,-0.0029915404040015,2020-10-21
707,1439071.5866671177,2020-10-22,0.0030443790648939,2020-10-22
708,1442102.5114718052,2020-10-23,0.0021061668041872,2020-10-23
709,1415334.0837374302,2020-10-26,-0.0185620838473231,2020-10-26
710,1417566.791745243,2020-10-27,0.0015775130645596,2020-10-27
711,1366133.9099093052,2020-10-28,-0.0362825103800686,2020-10-28
712,1383499.369870243,2020-10-29,0.0127113892971812,2020-10-29
713,1358079.7038546177,2020-10-30,-0.0183734568798604,2020-10-30
714,1369098.0759249302,2020-11-02,0.0081131998652503,2020-11-02
715,1395378.3874483677,2020-11-03,0.0191953461812317,2020-11-03
716,1437335.5388155552,2020-11-04,0.0300686550290574,2020-11-04
717,1471470.772213993,2020-11-05,0.0237489663871852,2020-11-05
718,1470692.4890108677,2020-11-06,-0.0005289151628571,2020-11-06
719,1469819.8181124302,2020-11-09,-0.0005933741451447,2020-11-09
720,1461016.6013155552,2020-11-10,-0.0059893169818462,2020-11-10
721,1479923.9421358677,2020-11-11,0.0129412224359994,2020-11-11
722,1468149.3991671177,2020-11-12,-0.0079561811479018,2020-11-12
723,1484878.4060030552,2020-11-13,0.0113946215864868,2020-11-13
724,1500750.8044405552,2020-11-16,0.0106893590568299,2020-11-16
725,1495852.7038546177,2020-11-17,-0.0032637667569089,2020-11-17
726,1481876.459713993,2020-11-18,-0.0093433291290044,2020-11-18
727,1491196.3981905552,2020-11-19,0.0062892816843593,2020-11-19
728,1483332.2087374302,2020-11-20,-0.0052737449357224,2020-11-20
729,1491034.4157686802,2020-11-23,0.0051925030589108,2020-11-23
730,1511730.2106905552,2020-11-24,0.0138801591049833,2020-11-24
731,1513557.787838993,2020-11-25,0.001208930757296,2020-11-25
732,1523452.346432743,2020-11-27,0.0065372849806264,2020-11-27
733,1518242.8835421177,2020-11-30,-0.0034195115474555,2020-11-30
734,1534371.3513155552,2020-12-01,0.0106231143569131,2020-12-01
735,1534912.6872530552,2020-12-02,0.0003528063379414,2020-12-02
736,1538678.299557743,2020-12-03,0.0024533071724273,2020-12-03
737,1550132.0983858677,2020-12-04,0.0074439204292522,2020-12-04
738,1552232.8337374302,2020-12-07,0.0013551976336403,2020-12-07
739,1559216.3991671177,2020-12-08,0.0044990450387991,2020-12-08
740,1537193.1989718052,2020-12-09,-0.0141245308906938,2020-12-09
741,1541560.1638155552,2020-12-10,0.0028408692197383,2020-12-10
742,1540042.0485811802,2020-12-11,-0.0009847914275479,2020-12-11
743,1542060.2399874302,2020-12-14,0.0013104781185093,2020-12-14
744,1560668.7770968052,2020-12-15,0.0120673217730629,2020-12-15
745,1565147.5231905552,2020-12-16,0.0028697608099019,2020-12-16
746,1576522.0788546177,2020-12-17,0.0072674016318126,2020-12-17
747,1573652.5075655552,2020-12-18,-0.0018201909935491,2020-12-18
748,1573199.311276493,2020-12-21,-0.0002879900657125,2020-12-21
749,1575211.572995243,2020-12-22,0.0012790888632649,2020-12-22
750,1574099.8239718052,2020-12-23,-0.0007057775872757,2020-12-23
751,1578080.9577608677,2020-12-24,0.0025291495040111,2020-12-24
752,1589409.908932743,2020-12-28,0.0071789416862044,2020-12-28
753,1584165.1794405552,2020-12-29,-0.0032997966495057,2020-12-29
754,1587063.0827608677,2020-12-30,0.001829293660738,2020-12-30
755,1591927.9841280552,2020-12-31,0.003065348454029,2020-12-31
756,1569668.0602999302,2021-01-04,,2021-01-04
757,1584977.251705692,2021-01-05,0.0097531394012289,2021-01-05
758,1584492.7246220738,2021-01-06,-0.0003056997083691,2021-01-06
759,1623711.2580693394,2021-01-07,0.0247514758747913,2021-01-07
760,1637709.0300419957,2021-01-08,0.0086208504763958,2021-01-08
761,1619763.905530277,2021-01-11,-0.0109574559232042,2021-01-11
762,1627383.8505986363,2021-01-12,0.0047043553954642,2021-01-12
763,1631873.0764287144,2021-01-13,0.0027585537538834,2021-01-13
764,1634492.93018848,2021-01-14,0.001605427405849,2021-01-14
765,1618918.6833623082,2021-01-15,-0.0095284883394239,2021-01-15
766,1643198.0236943394,2021-01-19,0.0149972574790513,2021-01-19
767,1672243.1201298863,2021-01-20,0.017675956285686,2021-01-20
768,1678259.1972783238,2021-01-21,0.0035976091490632,2021-01-21
769,1682332.682874027,2021-01-22,0.0024272088616044,2021-01-22
770,1691814.705579105,2021-01-25,0.0056362352117413,2021-01-25
771,1689387.7927373082,2021-01-26,-0.0014345027465441,2021-01-26
772,1646840.9411748082,2021-01-27,-0.0251847750678733,2021-01-27
773,1653818.4060185582,2021-01-28,0.0042368784193405,2021-01-28
774,1621709.6838505894,2021-01-29,-0.0194149019330774,2021-01-29
775,1662945.7214482457,2021-02-01,0.0254275090099636,2021-02-01
776,1688113.19190723,2021-02-02,0.0151342705503738,2021-02-02
777,1688705.5075810582,2021-02-03,0.0003508743825162,2021-02-03
778,1711077.8457158238,2021-02-04,0.0132482176639621,2021-02-04
779,1722684.2050908238,2021-02-05,0.0067830691654735,2021-02-05
780,1742568.331311527,2021-02-08,0.0115425254158261,2021-02-08
781,1745668.1093876988,2021-02-09,0.0017788559682125,2021-02-09
782,1740197.19190723,2021-02-10,-0.0031339963484741,2021-02-10
783,1746237.9245732457,2021-02-11,0.0034712920432855,2021-02-11
784,1754173.5896123082,2021-02-12,0.0045444351696817,2021-02-12
785,1747329.3674443394,2021-02-16,-0.0039016789492773,2021-02-16
786,1736777.5544560582,2021-02-17,-0.0060388231233785,2021-02-17
787,1722153.7854130894,2021-02-18,-0.0084200587492903,2021-02-18
788,1728014.84815723,2021-02-19,0.0034033329623548,2021-02-19
789,1689564.9441044957,2021-02-22,-0.0222509106873344,2021-02-22
790,1680241.4253056676,2021-02-23,-0.005518295601102,2021-02-23
791,1699940.5869267613,2021-02-24,0.0117240066364332,2021-02-24
792,1639753.0566533238,2021-02-25,-0.0354056669605421,2021-02-25
793,1647717.3010380894,2021-02-26,0.004856977916553,2021-02-26
794,1698038.4636357457,2021-03-01,0.0305399248802893,2021-03-01
795,1668769.323499027,2021-03-02,-0.0172370301165317,2021-03-02
796,1627381.2822392613,2021-03-03,-0.0248015352852869,2021-03-03
797,1591611.1308720738,2021-03-04,-0.0219801909715762,2021-03-04
798,1617426.9365361363,2021-03-05,0.016219920282863,2021-03-05
799,1584927.7631962926,2021-03-08,-0.0200931322495738,2021-03-08
800,1639361.1479619176,2021-03-09,0.0343443947602066,2021-03-09
801,1642924.809827152,2021-03-10,0.002173811346978,2021-03-10
802,1683886.3838017613,2021-03-11,0.0249321050662805,2021-03-11
803,1676814.2002080113,2021-03-12,-0.0041999173232715,2021-03-12
804,1692663.3261845738,2021-03-15,0.0094519273361333,2021-03-15
805,1689838.604016605,2021-03-16,-0.0016688033138497,2021-03-16
806,1697334.4885380894,2021-03-17,0.0044358582551418,2021-03-17
807,1646210.438733402,2021-03-18,-0.0301201973741312,2021-03-18
808,1658925.9885380894,2021-03-19,0.0077241338686144,2021-03-19
809,1674362.661389652,2021-03-22,0.0093052209430788,2021-03-22
810,1649983.79346973,2021-03-23,-0.0145600881350808,2021-03-23
811,1616082.842297855,2021-03-24,-0.0205462328212236,2021-03-24
812,1622722.0263798863,2021-03-25,0.0041081953896566,2021-03-25
813,1643989.8569462926,2021-03-26,0.0131062684924863,2021-03-26
814,1629106.403577152,2021-03-29,-0.0090532513362258,2021-03-29
815,1631315.3752568394,2021-03-30,0.0013559407015018,2021-03-30
816,1655571.982922855,2021-03-31,0.0148693551436653,2021-03-31
817,1684133.2963994176,2021-04-01,0.017251628906004,2021-04-01
818,1709595.0705693394,2021-04-05,0.0151186216817622,2021-04-05
819,1708236.6557744176,2021-04-06,,2021-04-06
820,1701031.587547367,2021-04-07,-0.0042178396082855,2021-04-07
821,1705931.167622318,2021-04-08,0.0028803580784855,2021-04-08
822,1713432.5260207555,2021-04-09,0.0043972221979464,2021-04-09
823,1715688.329731693,2021-04-12,0.0013165407313566,2021-04-12
824,1714084.0768020055,2021-04-13,-0.0009350491589217,2021-04-13
825,1718112.8756301303,2021-04-14,0.0023504091092436,2021-04-14
826,1730645.4518020055,2021-04-15,0.0072943846412178,2021-04-15
827,1738090.6280715368,2021-04-16,0.0043019650626758,2021-04-16
828,1729644.257466068,2021-04-19,-0.0048595685800574,2021-04-19
829,1712180.3712355993,2021-04-20,-0.0100968081471581,2021-04-20
830,1731157.851216068,2021-04-21,0.0110838088669207,2021-04-21
831,1721383.4561965368,2021-04-22,-0.0056461604657629,2021-04-22
832,1740194.2935988803,2021-04-23,0.0109277438066628,2021-04-23
833,1743969.2096145055,2021-04-26,0.0021692497380956,2021-04-26
834,1747402.9679152868,2021-04-27,0.0019689328698297,2021-04-27
835,1752623.2013137245,2021-04-28,0.00298742390524,2021-04-28
836,1758415.5938918493,2021-04-29,0.0033049845361987,2021-04-29
837,1741621.6119582555,2021-04-30,-0.0095506329629527,2021-04-30
838,1752965.4889113803,2021-05-03,0.0065133992798642,2021-05-03
839,1749088.6236770055,2021-05-04,-0.002211603855808,2021-05-04
840,1755419.6002395055,2021-05-05,0.0036195859242345,2021-05-05
841,1767350.901997318,2021-05-06,0.0067968374946847,2021-05-06
842,1781380.7003371618,2021-05-07,0.0079383207511243,2021-05-07
843,1773461.3722121618,2021-05-10,-0.0044456123968903,2021-05-10
844,1756175.5763137245,2021-05-11,-0.0097469255148623,2021-05-11
845,1722632.9244582555,2021-05-12,-0.0190998282335049,2021-05-12
846,1737519.021137943,2021-05-13,0.0086414792544202,2021-05-13
847,1762589.4268996618,2021-05-14,0.0144288525516684,2021-05-14
848,1763392.234028568,2021-05-17,0.0004554702965162,2021-05-17
849,1754237.1139113803,2021-05-18,-0.005191766154188,2021-05-18
850,1743053.0772902868,2021-05-19,-0.0063754417988324,2021-05-19
851,1755629.4146926303,2021-05-20,0.0072151201625452,2021-05-20
852,1758252.9835402868,2021-05-21,0.0014943750803557,2021-05-21
853,1767890.944966068,2021-05-24,0.0054815555645326,2021-05-24
854,1759910.525044193,2021-05-25,-0.0045140906143552,2021-05-25
855,1766527.9342238803,2021-05-26,0.0037600827346158,2021-05-26
856,1775091.569966068,2021-05-27,0.0048477216670508,2021-05-27
857,1777631.8702590368,2021-05-28,0.001431081266989,2021-05-28
858,1787009.437153568,2021-06-01,0.0052753143389383,2021-06-01
859,1790294.064106693,2021-06-02,0.0018380579782257,2021-06-02
860,1785825.3370559118,2021-06-03,-0.0024960854981167,2021-06-03
861,1794037.2188918493,2021-06-04,0.0045983678613696,2021-06-04
862,1794093.8272902868,2021-06-07,3.155363659201882e-05,2021-06-07
863,1791545.7935988803,2021-06-08,-0.0014202343560005,2021-06-08
864,1784531.673481693,2021-06-09,-0.0039151218697555,2021-06-09
865,1787914.2804152868,2021-06-10,0.0018955152121196,2021-06-10
866,1792577.0401809118,2021-06-11,0.0026079325036443,2021-06-11
867,1789106.2052199745,2021-06-14,-0.0019362263842156,2021-06-14
868,1788390.4420363803,2021-06-15,-0.0004000674646956,2021-06-15
869,1776271.118794193,2021-06-16,-0.0067766651830165,2021-06-16
870,1762240.5753371618,2021-06-17,-0.0078988749569692,2021-06-17
871,1733541.2447707555,2021-06-18,-0.0162857052368774,2021-06-18
872,1762278.823872318,2021-06-21,0.0165773841195009,2021-06-21
873,1766262.6085402868,2021-06-22,0.0022605870387837,2021-06-22
874,1765040.4654738803,2021-06-23,-0.0006919373486687,2021-06-23
875,1778010.8619582555,2021-06-24,0.0073484980872053,2021-06-24
876,1788743.253559818,2021-06-25,0.0060361788733631,2021-06-25
877,1779650.8487746618,2021-06-28,-0.0050831245719927,2021-06-28
878,1776853.946919193,2021-06-29,-0.0015716014505847,2021-06-29
879,1777692.0318801303,2021-06-30,0.0004716678950402,2021-06-30
880,1786874.8839309118,2021-07-01,0.0051656034262972,2021-07-01
881,1790533.3717238803,2021-07-02,0.002047422472535,2021-07-02
882,1776389.913716068,2021-07-06,,2021-07-06
883,1771170.138145756,2021-07-07,-0.0029384177032353,2021-07-07
884,1757460.2717033732,2021-07-08,-0.0077405700034756,2021-07-08
885,1778689.1081291544,2021-07-09,0.0120792695957818,2021-07-09
886,1782007.4689689982,2021-07-12,0.0018656216112629,2021-07-12
887,1769999.4201408732,2021-07-13,-0.006738495229244,2021-07-13
888,1761206.501195561,2021-07-14,-0.0049677524440164,2021-07-14
889,1749471.140355717,2021-07-15,-0.0066632509202512,2021-07-15
890,1734064.1369377482,2021-07-16,-0.0088066633753307,2021-07-16
891,1714280.6906486857,2021-07-19,-0.0114087165910707,2021-07-19
892,1745796.4318596232,2021-07-20,0.0183842362472226,2021-07-20
893,1764824.210668217,2021-07-21,0.0108991967570499,2021-07-21
894,1764608.954808842,2021-07-22,-0.0001219701418837,2021-07-22
895,1780957.013402592,2021-07-23,0.0092644087230764,2021-07-23
896,1782437.409886967,2021-07-26,0.0008312365055609,2021-07-26
897,1761100.9753166544,2021-07-27,-0.0119703695916399,2021-07-27
898,1776096.9772697794,2021-07-28,0.0085151289808516,2021-07-28
899,1779938.6974846232,2021-07-29,0.0021630126417697,2021-07-29
900,1767575.3053947794,2021-07-30,-0.0069459651095374,2021-07-30
901,1766733.6960197794,2021-08-02,-0.0004761377761,2021-08-02
902,1775759.341527592,2021-08-03,0.005108662119337,2021-08-03
903,1773427.602758061,2021-08-04,-0.0013130939058022,2021-08-04
904,1790655.0685783732,2021-08-05,0.009714219962247,2021-08-05
905,1786706.614476811,2021-08-06,-0.0022050333259867,2021-08-06
906,1787081.054418217,2021-08-09,0.0002095699083286,2021-08-09
907,1780789.0470939982,2021-08-10,-0.0035208292923608,2021-08-10
908,1780253.7951408732,2021-08-11,-0.0003005701062674,2021-08-11
909,1784246.8635002482,2021-08-12,0.0022429770239917,2021-08-12
910,1781663.1701408732,2021-08-13,-0.0014480582324277,2021-08-13
911,1776737.489965092,2021-08-16,-0.0027646528582569,2021-08-16
912,1758416.4733635294,2021-08-17,-0.0103116057971639,2021-08-17
913,1742948.2853752482,2021-08-18,-0.0087966578012621,2021-08-18
914,1740429.177465092,2021-08-19,-0.0014453142019723,2021-08-19
915,1762615.325902592,2021-08-20,0.0127475157994154,2021-08-20
916,1790998.1711174357,2021-08-23,0.0161026883164705,2021-08-23
917,1801963.583226811,2021-08-24,0.0061225144091205,2021-08-24
918,1805390.9128166544,2021-08-25,0.0019019971445295,2021-08-25
919,1792179.3210197794,2021-08-26,-0.0073178565944276,2021-08-26
920,1819725.460668217,2021-08-27,0.0153701916573634,2021-08-27
921,1831236.630101811,2021-08-30,0.0063257725862486,2021-08-30
922,1831789.761449467,2021-08-31,0.0003020534531494,2021-08-31
923,1838699.9733635292,2021-09-01,0.0037723826497395,2021-09-01
924,1843426.388402592,2021-09-02,0.0025705199910437,2021-09-02
925,1844719.977758061,2021-09-03,0.0007017309525387,2021-09-03
926,1843236.8498283727,2021-09-07,-0.0008039854002611,2021-09-07
927,1830745.3385979044,2021-09-08,-0.0067769430888016,2021-09-08
928,1826929.1276604044,2021-09-09,-0.0020845121694657,2021-09-09
929,1810728.1359611857,2021-09-10,-0.0088678818756182,2021-09-10
930,1811804.2677971232,2021-09-13,0.000594308894066,2021-09-13
931,1800482.489965092,2021-09-14,-0.0062488967673074,2021-09-14
932,1816256.6047111857,2021-09-15,0.0087610486822338,2021-09-15
933,1817997.2345939984,2021-09-16,0.0009583612130013,2021-09-16
934,1805225.937230717,2021-09-17,-0.0070249267272034,2021-09-17
935,1764790.0060783732,2021-09-20,-0.0223993741273039,2021-09-20
936,1768555.423070561,2021-09-21,0.0021336345849751,2021-09-21
937,1788135.536840092,2021-09-22,0.011071246913787,2021-09-22
938,1809442.3444572797,2021-09-23,0.0119156558203858,2021-09-23
939,1807312.585179936,2021-09-24,-0.0011770252220899,2021-09-24
940,1804843.939183842,2021-09-27,-0.001365920879618,2021-09-27
941,1755896.9299064982,2021-09-28,-0.0271198014491368,2021-09-28
942,1751887.3464104044,2021-09-29,-0.0022834959317955,2021-09-29
943,1742468.1413322794,2021-09-30,-0.0053766043218617,2021-09-30
944,1759663.796605717,2021-10-01,0.0098685622224861,2021-10-01
945,1725754.856664311,2021-10-04,,2021-10-04
946,1736359.8234445842,2021-10-05,0.0061451177375051,2021-10-05
947,1736419.3155434611,2021-10-06,3.4262540559604204e-05,2021-10-06
948,1756867.904166508,2021-10-07,0.0117762964509795,2021-10-07
949,1752237.396354008,2021-10-08,-0.0026356607696677,2021-10-08
950,1740556.0887368205,2021-10-11,-0.006666509710096,2021-10-11
951,1740029.3336098674,2021-10-12,-0.0003026361117356,2021-10-12
952,1741974.7586586955,2021-10-13,0.0011180415245024,2021-10-13
953,1768369.798697758,2021-10-14,0.0151523665356589,2021-10-14
954,1779189.5474770549,2021-10-15,0.0061184876530149,2021-10-15
955,1778518.865104008,2021-10-18,-0.0003769594836019,2021-10-18
956,1787332.4437172893,2021-10-19,0.0049555721821179,2021-10-19
957,1796035.8336098674,2021-10-20,0.0048694857653213,2021-10-20
958,1797457.462760258,2021-10-21,0.0007915371863898,2021-10-21
959,1798719.4429848674,2021-10-22,0.0007020918440381,2021-10-22
960,1806349.1434243205,2021-10-25,0.0042417401275165,2021-10-25
961,1802661.2266762736,2021-10-26,-0.0020416411530805,2021-10-26
962,1782495.3792641645,2021-10-27,-0.0111867094680295,2021-10-27
963,1802248.1548989296,2021-10-28,0.0110815297837798,2021-10-28
964,1805075.3511879924,2021-10-29,0.0015687053313815,2021-10-29
965,1823818.1085122111,2021-11-01,0.0103833656095759,2021-11-01
966,1829490.6341469768,2021-11-02,0.0031102474574029,2021-11-02
967,1843875.9876626015,2021-11-03,0.0078630375292041,2021-11-03
968,1842270.392447758,2021-11-04,-0.0008707718011334,2021-11-04
969,1858032.6173012736,2021-11-05,0.0085558693871059,2021-11-05
970,1863021.0589516645,2021-11-08,0.0026847976746695,2021-11-08
971,1855265.219840336,2021-11-09,-0.0041630442522707,2021-11-09
972,1837487.8516762736,2021-11-10,-0.0095821168714586,2021-11-10
973,1837079.4324868205,2021-11-11,-0.0002222704161448,2021-11-11
974,1843841.3236001015,2021-11-12,0.0036807832006087,2021-11-12
975,1840637.329947758,2021-11-15,-0.0017376731996048,2021-11-15
976,1843542.4664223676,2021-11-16,0.0015783318241686,2021-11-16
977,1829220.202994633,2021-11-17,-0.0077688817527098,2021-11-17
978,1823754.669791508,2021-11-18,-0.0029879033667883,2021-11-18
979,1809400.0374672893,2021-11-19,-0.0078709228614941,2021-11-19
980,1806975.6988442424,2021-11-22,-0.001339857727891,2021-11-22
981,1812700.4778969768,2021-11-23,0.0031681549765145,2021-11-23
982,1813298.096793461,2021-11-24,0.0003296843045894,2021-11-24
983,1760719.1636879924,2021-11-26,-0.0289962986220778,2021-11-26
984,1767753.82677393,2021-11-29,0.0039953351056865,2021-11-29
985,1734595.3890297893,2021-11-30,-0.0187573842250723,2021-11-30
986,1705768.3321450236,2021-12-01,-0.0166188939893869,2021-12-01
987,1741793.9219887736,2021-12-02,0.0211198608655416,2021-12-02
988,1727773.6451333049,2021-12-03,-0.0080493315991483,2021-12-03
989,1761033.38146143,2021-12-06,0.0192500542080897,2021-12-06
990,1790603.993277836,2021-12-07,0.0167916248083079,2021-12-07
991,1796374.4639809611,2021-12-08,0.0032226392461918,2021-12-08
992,1783239.9717934611,2021-12-09,-0.0073116671667623,2021-12-09
993,1788452.0904458049,2021-12-10,0.0029228363735598,2021-12-10
994,1769586.6973793986,2021-12-13,-0.010548447547009,2021-12-13
995,1760639.7584145549,2021-12-14,-0.0050559483624584,2021-12-14
996,1782738.0733559611,2021-12-15,0.0125512983765092,2021-12-15
997,1770823.9952309611,2021-12-16,-0.0066830222022308,2021-12-16
998,1758204.064322758,2021-12-17,-0.0071265867992471,2021-12-17
999,1734787.2491372111,2021-12-20,-0.0133185991664549,2021-12-20
1000,1769930.9349282268,2021-12-21,0.0202582108027911,2021-12-21
1001,1783643.6802895549,2021-12-22,0.0077476160740046,2021-12-22
1002,1795348.8360512736,2021-12-23,0.0065624966976691,2021-12-23
1003,1812380.096793461,2021-12-27,0.0094863239946429,2021-12-27
1004,1811826.148307133,2021-12-28,-0.0003056469706923,2021-12-28
1005,1815596.5042641645,2021-12-29,0.0020809700536412,2021-12-29
1006,1812403.040152836,2021-12-30,-0.0017589062899315,2021-12-30
1007,1809483.2154458049,2021-12-31,-0.0016110239512647,2021-12-31
1008,1824821.7310708049,2022-01-03,,2022-01-03
1009,1831176.8506997111,2022-01-04,0.0034825975166226,2022-01-04
1010,1798738.6426918986,2022-01-05,-0.0177144048077155,2022-01-05
1011,1796091.2413247111,2022-01-06,-0.0014718099140993,2022-01-06
1012,1789154.9341958049,2022-01-07,-0.0038618901809188,2022-01-07
1013,1781411.7662270549,2022-01-10,-0.004327835348832,2022-01-10
1014,1793465.5880043986,2022-01-11,0.0067664433377316,2022-01-11
1015,1790193.1295083049,2022-01-12,-0.0018246564182673,2022-01-12
1016,1779947.2261879924,2022-01-13,-0.0057233508225599,2022-01-13
1017,1773855.7061684611,2022-01-14,-0.0034223037233396,2022-01-14
1018,1738493.50646143,2022-01-18,-0.0199352177203938,2022-01-18
1019,1718409.8782876018,2022-01-19,-0.0115523170487457,2022-01-19
1020,1697880.415152836,2022-01-20,-0.0119467790508881,2022-01-20
1021,1673369.1523354533,2022-01-21,-0.0144363893938763,2022-01-21
1022,1688364.976432133,2022-01-24,0.0089614560396016,2022-01-24
1023,1678577.4173501018,2022-01-25,-0.0057970635606966,2022-01-25
1024,1667139.2686684611,2022-01-26,-0.0068141919243126,2022-01-26
1025,1655372.446402836,2022-01-27,-0.0070580919583419,2022-01-27
1026,1684062.913932133,2022-01-28,0.017331729540166,2022-01-28
1027,1713164.8802407268,2022-01-31,0.0172808070695194,2022-01-31
1028,1728143.7230141645,2022-02-01,0.0087433748766392,2022-02-01
1029,1730351.6851723674,2022-02-02,0.0012776496125865,2022-02-02
1030,1702919.0267251018,2022-02-03,-0.0158538051439716,2022-02-03
1031,1705079.821769047,2022-02-04,0.0012688771515465,2022-02-04
1032,1707738.3005288127,2022-02-07,0.0015591520853301,2022-02-07
1033,1728730.8351967814,2022-02-08,0.0122925946331873,2022-02-08
1034,1748833.4161293986,2022-02-09,0.0116285199079757,2022-02-09
1035,1722686.7562172893,2022-02-10,-0.0149509150905741,2022-02-10
1036,1700209.1723549846,2022-02-11,-0.0130479808828747,2022-02-11
1037,1691978.227652836,2022-02-14,-0.0048411365118961,2022-02-14
1038,1720544.7686684611,2022-02-15,0.0168835157265903,2022-02-15
1039,1719416.1529458049,2022-02-16,-0.0006559641708885,2022-02-16
1040,1685198.9277260783,2022-02-17,-0.0199004907340806,2022-02-17
1041,1672498.172110844,2022-02-18,-0.007536650662585,2022-02-18
1042,1648655.0038979533,2022-02-22,-0.0142560204910707,2022-02-22
1043,1623649.7636635783,2022-02-23,-0.0151670544627314,2022-02-23
1044,1640019.632682133,2022-02-24,0.0100821429503479,2022-02-24
1045,1638381.0399733928,2022-02-25,-0.0009991299348413,2022-02-25
1046,1642990.191166264,2022-02-28,0.0028132351879182,2022-02-28
1047,1616190.6179240765,2022-03-01,-0.0163114627137025,2022-03-01
1048,1644306.509525639,2022-03-02,0.0173963957529192,2022-03-02
1049,1619929.8938029828,2022-03-03,-0.0148248611687905,2022-03-03
1050,1593844.2111857953,2022-03-04,-0.0161029700834448,2022-03-04
1051,1538850.2336467328,2022-03-07,-0.0345039854918742,2022-03-07
1052,1536051.7683147015,2022-03-08,-0.0018185430075281,2022-03-08
1053,1588880.286869389,2022-03-09,0.0343924076287147,2022-03-09
1054,1575602.2648967328,2022-03-10,-0.0083568422884887,2022-03-10
1055,1543014.2863811078,2022-03-11,-0.020682871078356,2022-03-11
1056,1512523.491947514,2022-03-14,-0.0197605392916386,2022-03-14
1057,1553239.2956584515,2022-03-15,0.0269191215394031,2022-03-15
1058,1609542.999760014,2022-03-16,0.0362492143090509,2022-03-16
1059,1631549.392338139,2022-03-17,0.0136724477577836,2022-03-17
1060,1662287.6394084515,2022-03-18,0.0188399120582321,2022-03-18
1061,1654702.4968303265,2022-03-21,-0.0045630746438229,2022-03-21
1062,1684684.562260014,2022-03-22,0.0181193087501347,2022-03-22
1063,1661674.304447514,2022-03-23,-0.0136584962716294,2022-03-23
1064,1691816.204838139,2022-03-24,0.0181394755337729,2022-03-24
1065,1690136.8034709515,2022-03-25,-0.0009926618283858,2022-03-25
1066,1709159.3093303265,2022-03-28,0.0112550095473391,2022-03-28
1067,1741922.3601115765,2022-03-29,0.0191691029633083,2022-03-29
1068,1719574.2468303265,2022-03-30,-0.0128295690973382,2022-03-30
1069,1694296.667728764,2022-03-31,-0.0146999056005615,2022-03-31
1070,1700709.032963139,2022-04-01,0.0037846767667735,2022-04-01
1071,1728761.9206584515,2022-04-04,,2022-04-04
1072,1705118.7118850143,2022-04-05,-0.0136763822079283,2022-04-05
1073,1693443.8495803268,2022-04-06,-0.006846949847721,2022-04-06
1074,1695406.0029006393,2022-04-07,0.0011586763392237,2022-04-07
1075,1696940.289243169,2022-04-08,0.0009049669164225,2022-04-08
1076,1678258.0227636765,2022-04-11,-0.0110093835345405,2022-04-11
1077,1676247.0529150437,2022-04-12,-0.0011982483154295,2022-04-12
1078,1696849.799863286,2022-04-13,0.0122909966716502,2022-04-13
1079,1687866.1027197312,2022-04-14,-0.0052943384525127,2022-04-14
1080,1683481.1921972702,2022-04-18,-0.0025979018806026,2022-04-18
1081,1710401.968930669,2022-04-19,0.0159911360211049,2022-04-19
1082,1720579.3419775437,2022-04-20,0.0059502814143963,2022-04-20
1083,1697121.43816895,2022-04-21,-0.0136337239651107,2022-04-21
1084,1650369.091367192,2022-04-22,-0.0275480267647786,2022-04-22
1085,1661860.9281591843,2022-04-25,0.0069631919623944,2022-04-25
1086,1618549.7997412155,2022-04-26,-0.0260618248399062,2022-04-26
1087,1619576.3092627,2022-04-27,0.0006342155932728,2022-04-27
1088,1649760.043149419,2022-04-28,0.0186368087221895,2022-04-28
1089,1603266.6641210984,2022-04-29,-0.0281819039207446,2022-04-29
1090,1610419.6978125046,2022-05-02,0.0044615370926628,2022-05-02
1091,1616342.556943364,2022-05-03,0.0036778357461131,2022-05-03
1092,1661479.4812597702,2022-05-04,0.0279253454798367,2022-05-04
1093,1605679.166318364,2022-05-05,-0.0335847150511285,2022-05-05
1094,1595455.1202978562,2022-05-06,-0.0063674277121937,2022-05-06
1095,1554625.3066992234,2022-05-09,-0.0255913269381155,2022-05-09
1096,1553070.6868355758,2022-05-10,-0.0009999964988015,2022-05-10
1097,1533041.0312032518,2022-05-11,-0.0128968087557785,2022-05-11
1098,1530774.4701680955,2022-05-12,-0.0014784738236114,2022-05-12
1099,1556253.4267110643,2022-05-13,0.016644487505838,2022-05-13
1100,1556358.0585470018,2022-05-16,6.72331601920817e-05,2022-05-16
1101,1580639.2353048143,2022-05-17,0.0156012792971824,2022-05-17
1102,1524193.3866720018,2022-05-18,-0.0357107728139668,2022-05-18
1103,1514241.5897970018,2022-05-19,-0.0065292219229012,2022-05-19
1104,1514318.3354024703,2022-05-20,5.068253704409997e-05,2022-05-20
1105,1542671.9472188768,2022-05-23,0.0187236799248491,2022-05-23
1106,1541717.2357930955,2022-05-24,-0.0006188687280548,2022-05-24
1107,1553423.4701680955,2022-05-25,0.0075929840461166,2022-05-25
1108,1579516.3529805955,2022-05-26,0.0167970185294525,2022-05-26
1109,1609267.1596212203,2022-05-27,0.0188353900765156,2022-05-27
1110,1597365.3456563768,2022-05-31,-0.007395797455809,2022-05-31
1111,1588828.410597783,2022-06-01,-0.0053443847907479,2022-06-01
1112,1611839.092238408,2022-06-02,0.0144827984489321,2022-06-02
1113,1595326.9687032518,2022-06-03,-0.0102442753837328,2022-06-03
1114,1596763.7514180955,2022-06-06,0.0009006195864735,2022-06-06
1115,1611069.3495626268,2022-06-07,0.0089591200525602,2022-06-07
1116,1596636.7118673143,2022-06-08,-0.0089584211252176,2022-06-08
1117,1565233.4159688768,2022-06-09,-0.0196684040051354,2022-06-09
1118,1522513.660597783,2022-06-10,-0.0272928976185,2022-06-10
1119,1476243.2221212203,2022-06-13,-0.0303908199144796,2022-06-13
1120,1469102.0951680955,2022-06-14,-0.0048373647689734,2022-06-14
1121,1484515.5282735643,2022-06-15,0.0104917372020392,2022-06-15
1122,1444504.926222783,2022-06-16,-0.026951959268026,2022-06-16
1123,1444530.121535283,2022-06-17,1.744217831500805e-05,2022-06-17
1124,1474845.5995626268,2022-06-21,0.0209863938282739,2022-06-21
1125,1472462.1947774703,2022-06-22,-0.0016160368148795,2022-06-22
1126,1482973.834425908,2022-06-23,0.0071388180190432,2022-06-23
1127,1523656.342238408,2022-06-24,0.027433058404735,2022-06-24
1128,1521564.926222783,2022-06-27,-0.0013726297444163,2022-06-27
1129,1497170.2431173143,2022-06-28,-0.0160326271229368,2022-06-28
1130,1498664.379347783,2022-06-29,0.000997973501903,2022-06-29
1131,1486662.6815938768,2022-06-30,-0.0080082625031292,2022-06-30
1132,1502396.2480001268,2022-07-01,0.0105831447853266,2022-07-01
1133,1498353.1444845018,2022-07-05,-0.0026911033098004,2022-07-05
1134,1499991.3886251268,2022-07-06,,2022-07-06
1135,1519266.0876551562,2022-07-07,0.0128498731234025,2022-07-07
1136,1517290.1523524218,2022-07-08,-0.0013005854068552,2022-07-08
1137,1506168.5621424608,2022-07-11,-0.0073299033759086,2022-07-11
1138,1497650.3669520312,2022-07-12,-0.0056555390973722,2022-07-12
1139,1488649.8226405077,2022-07-13,-0.0060097767210119,2022-07-13
1140,1480565.9254237108,2022-07-14,-0.0054303551405111,2022-07-14
1141,1512370.8772059374,2022-07-15,0.021481618100271,2022-07-15
1142,1502641.2163172655,2022-07-18,-0.006433382866144,2022-07-18
1143,1541209.4443446093,2022-07-19,0.025666957360499,2022-07-19
1144,1546451.775521367,2022-07-20,0.0034014398211705,2022-07-20
1145,1554245.9373866017,2022-07-21,0.005040029044945,2022-07-21
1146,1545097.738778203,2022-07-22,-0.0058859401773831,2022-07-22
1147,1550139.8104334765,2022-07-25,0.0032632703606572,2022-07-25
1148,1539128.0482264452,2022-07-26,-0.0071037219565065,2022-07-26
1149,1562311.3471766403,2022-07-27,0.015062618719027,2022-07-27
1150,1579047.047005742,2022-07-28,0.0107121412510673,2022-07-28
1151,1593676.559456914,2022-07-29,0.0092647730027506,2022-07-29
1152,1591496.928597539,2022-08-01,-0.0013676745425168,2022-08-01
1153,1574506.138802617,2022-08-02,-0.010675980260857,2022-08-02
1154,1594984.2536707812,2022-08-03,0.0130060559076239,2022-08-03
1155,1591106.5863123827,2022-08-04,-0.002431163410845,2022-08-04
1156,1596061.4990321093,2022-08-05,0.00311412997869,2022-08-05
1157,1599473.5238123827,2022-08-08,0.0021377777625377,2022-08-08
1158,1593831.955819219,2022-08-09,-0.0035271405929353,2022-08-09
1159,1622674.8997889452,2022-08-10,0.0180966028849016,2022-08-10
1160,1624494.7574549608,2022-08-11,0.0011215171111922,2022-08-11
1161,1646992.3498621874,2022-08-12,0.0138489781539663,2022-08-12
1162,1653885.2439051562,2022-08-15,0.0041851402913593,2022-08-15
1163,1663854.543099492,2022-08-16,0.0060278058777503,2022-08-16
1164,1652889.647347539,2022-08-17,-0.0065900566833969,2022-08-17
1165,1655192.286019414,2022-08-18,0.0013930988530117,2022-08-18
1166,1638013.7126551562,2022-08-19,-0.0103785968007201,2022-08-19
1167,1606300.3702479296,2022-08-22,-0.0193608528196143,2022-08-22
1168,1600215.752694219,2022-08-23,-0.0037879699627858,2022-08-23
1169,1604545.6117030077,2022-08-24,0.0027057970161206,2022-08-24
1170,1621409.291756719,2022-08-25,0.0105099412137075,2022-08-25
1171,1571733.759041875,2022-08-26,-0.0306372567169778,2022-08-26
1172,1562079.9608241017,2022-08-29,-0.0061421332730413,2022-08-29
1173,1546048.3276453903,2022-08-30,-0.0102630041872204,2022-08-30
1174,1532973.7639246874,2022-08-31,-0.0084567626295456,2022-08-31
1175,1536698.4482508593,2022-09-01,0.0024297117235954,2022-09-01
1176,1521026.3646326952,2022-09-02,-0.0101985419689872,2022-09-02
1177,1511784.9443446093,2022-09-06,-0.0060757791600263,2022-09-06
1178,1534579.8880701952,2022-09-07,0.0150781655888683,2022-09-07
1179,1544380.81177625,2022-09-08,0.0063867145544178,2022-09-08
1180,1564284.0642176562,2022-09-09,0.0128875289628305,2022-09-09
1181,1576554.5971766403,2022-09-12,0.0078441845951562,2022-09-12
1182,1514526.3310633593,2022-09-13,-0.0393441915835734,2022-09-13
1183,1516569.9066248827,2022-09-14,0.0013493166276539,2022-09-14
1184,1507797.598519414,2022-09-15,-0.0057843084365239,2022-09-15
1185,1498887.2576991017,2022-09-16,-0.0059095072369541,2022-09-16
1186,1508827.6206141403,2022-09-19,0.006631828287271,2022-09-19
1187,1492799.3372889452,2022-09-20,-0.0106230049783098,2022-09-20
1188,1467992.9719325,2022-09-21,-0.0166173475140307,2022-09-21
1189,1458991.741097539,2022-09-22,-0.0061316579895552,2022-09-22
1190,1433741.0503016403,2022-09-23,-0.0173069456698249,2022-09-23
1191,1417218.641121953,2022-09-26,-0.0115239841784618,2022-09-26
1192,1412683.3785487108,2022-09-27,-0.0032001149587277,2022-09-27
1193,1441689.3663416796,2022-09-28,0.0205325469481827,2022-09-28
1194,1417892.8474207812,2022-09-29,-0.0165059960047306,2022-09-29
1195,1395734.9244471483,2022-09-30,-0.0156273607091954,2022-09-30
1196,1432869.8732996874,2022-10-03,0.0266060182360545,2022-10-03
1197,1475097.6229334765,2022-10-04,,2022-10-04
1198,1472382.851927617,2022-10-05,-0.0018404009088297,2022-10-05
1199,1456399.5027581835,2022-10-06,-0.0108554301270953,2022-10-06
1200,1422356.8211175583,2022-10-07,-0.0233745490685445,2022-10-07
1201,1416427.2625238083,2022-10-10,-0.0041688263491372,2022-10-10
1202,1415865.8582269335,2022-10-11,-0.0003963523660753,2022-10-11
1203,1414511.9500238083,2022-10-12,-0.0009562404483857,2022-10-12
1204,1453459.4500238083,2022-10-13,0.0275342318595077,2022-10-13
1205,1430596.3504144335,2022-10-14,-0.0157301255353222,2022-10-14
1206,1460117.3230706835,2022-10-17,0.0206354312645198,2022-10-17
1207,1476051.3133050583,2022-10-18,0.0109128150064443,2022-10-18
1208,1470197.6922113083,2022-10-19,-0.0039657300806453,2022-10-19
1209,1465226.3640863083,2022-10-20,-0.0033814011213163,2022-10-20
1210,1501090.9715081835,2022-10-21,0.0244771786127664,2022-10-21
1211,1520279.4636956835,2022-10-24,0.0127830308433745,2022-10-24
1212,1538875.7254144335,2022-10-25,0.0122321337377957,2022-10-25
1213,1534868.8914300583,2022-10-26,-0.0026037411067069,2022-10-26
1214,1539814.2625238083,2022-10-27,0.0032220153274085,2022-10-27
1215,1580188.2097894335,2022-10-28,0.0262200112365829,2022-10-28
1216,1572719.0476800583,2022-10-31,-0.0047267547391524,2022-10-31
1217,1567618.1336175583,2022-11-01,-0.00324337272447,2022-11-01
1218,1539800.7801019335,2022-11-02,-0.017744980693373,2022-11-02
1219,1530373.9011956835,2022-11-03,-0.0061221419212593,2022-11-03
1220,1549638.2429925583,2022-11-04,0.0125879968168718,2022-11-04
1221,1569043.8250238083,2022-11-07,0.0125226530249893,2022-11-07
1222,1583994.8582269335,2022-11-08,0.0095287543691764,2022-11-08
1223,1552090.9890863083,2022-11-09,-0.0201413969085335,2022-11-09
1224,1616248.7664300583,2022-11-10,0.0413363506359369,2022-11-10
1225,1621378.5086175583,2022-11-11,0.0031738568307342,2022-11-11
1226,1610221.7957269335,2022-11-14,-0.0068810045472587,2022-11-14
1227,1615502.5750238083,2022-11-15,0.0032795353477941,2022-11-15
1228,1610715.1375238083,2022-11-16,-0.0029634353878572,2022-11-16
1229,1609703.2058831835,2022-11-17,-0.0006282499102732,2022-11-17
1230,1618096.5847894335,2022-11-18,0.00521424003852,2022-11-18
1231,1614001.4617425583,2022-11-21,-0.0025308273222811,2022-11-21
1232,1633408.1218988083,2022-11-22,0.012023942119171,2022-11-22
1233,1639434.7000238083,2022-11-23,0.00368957276764,2022-11-23
1234,1644798.2722894335,2022-11-25,0.0032715985977038,2022-11-25
1235,1620716.8328363083,2022-11-28,-0.0146409683538915,2022-11-28
1236,1619662.8308831835,2022-11-29,-0.0006503307251276,2022-11-29
1237,1659342.7937738083,2022-11-30,0.0244989031877629,2022-11-30
1238,1651423.0691644335,2022-12-01,-0.0047728080292338,2022-12-01
1239,1652510.3875238083,2022-12-02,0.0006584129649618,2022-12-02
1240,1628245.6668206835,2022-12-05,-0.014683551090704,2022-12-05
1241,1609462.7605706835,2022-12-06,-0.0115356709572429,2022-12-06
1242,1608515.0886956835,2022-12-07,-0.0005888125517511,2022-12-07
1243,1618446.6531488083,2022-12-08,0.0061743682250305,2022-12-08
1244,1604242.9949456835,2022-12-09,-0.0087761052707487,2022-12-09
1245,1628947.4383050583,2022-12-12,0.0153994397589447,2022-12-12
1246,1635333.9519769335,2022-12-13,0.0039206382733381,2022-12-13
1247,1627811.2527581835,2022-12-14,-0.0046000996980806,2022-12-14
1248,1589231.2058831835,2022-12-15,-0.0237005652895134,2022-12-15
1249,1575505.2156488083,2022-12-16,-0.0086368743475226,2022-12-16
1250,1565793.6590081835,2022-12-19,-0.0061640904416973,2022-12-19
1251,1569685.4676019335,2022-12-20,0.0024855181724361,2022-12-20
1252,1594729.3152581835,2022-12-21,0.0159546916711348,2022-12-21
1253,1575873.1433831835,2022-12-22,-0.0118240579730907,2022-12-22
1254,1583675.0066644335,2022-12-23,0.0049508193689375,2022-12-23
1255,1582652.0828363083,2022-12-27,-0.0006459177696309,2022-12-27
1256,1564767.5535394335,2022-12-28,-0.0113003543171811,2022-12-28
1257,1584027.7234613083,2022-12-29,0.0123086460211354,2022-12-29
1258,1580729.6218988083,2022-12-30,-0.0020820983835391,2022-12-30
1259,1578841.7078363083,2023-01-03,-0.0011943307927843,2023-01-03
