date,dji
2018-01-02,1000000.0
2018-01-03,1003974.7777577672
2018-01-04,1010116.0568385588
2018-01-05,1019008.1851987267
2018-01-08,1018489.7701341782
2018-01-09,1022630.9536988233
2018-01-10,1021959.4295561734
2018-01-11,1030241.7180065953
2018-01-12,1039444.8639339451
2018-01-16,1039028.7313984467
2018-01-17,1052031.9093166243
2018-01-18,1048090.5700779699
2018-01-19,1050262.2642063156
2018-01-22,1056017.938152587
2018-01-23,1055865.3011476966
2018-01-24,1057529.359216478
2018-01-25,1063196.0473624757
2018-01-26,1072216.4222782992
2018-01-29,1065076.9443928443
2018-01-30,1050470.5271712358
2018-01-31,1053391.0867699673
2018-02-01,1054894.4825892712
2018-02-02,1028075.6887567819
2018-02-05,980733.9841491978
2018-02-06,1003575.5611789965
2018-02-07,1002793.2571894979
2018-02-08,961184.803050663
2018-02-09,974496.0874178878
2018-02-12,991027.2257996192
2018-02-13,992605.5239017354
2018-02-14,1002798.92206803
2018-02-15,1015161.1032445356
2018-02-16,1015926.9633505177
2018-02-20,1005669.5205852637
2018-02-21,998943.3427960408
2018-02-22,1005578.0957400664
2018-02-23,1019577.0334179839
2018-02-26,1035661.4331843705
2018-02-27,1023606.9650625698
2018-02-28,1008265.7658880369
2018-03-01,991337.8499724584
2018-03-02,988480.9415783437
2018-03-05,1002044.3917191119
2018-03-06,1002421.4208569655
2018-03-07,999087.5611620019
2018-03-08,1002868.2381511789
2018-03-09,1020614.3356202919
2018-03-12,1014284.5419705737
2018-03-13,1007372.68205169
2018-03-14,997345.6896922735
2018-03-15,1002000.0955161463
2018-03-16,1004934.7386323393
2018-03-19,991415.5846945368
2018-03-20,996102.9569643112
2018-03-21,994291.8480903025
2018-03-22,965109.6197269324
2018-03-23,948001.5292024881
2018-03-26,974967.3738402046
2018-03-27,961074.0232038145
2018-03-28,960699.7478263585
2018-03-29,970959.5509576674
2018-04-02,952472.6132627552
2018-04-03,968149.7712057844
2018-04-04,977452.9179749979
2018-04-05,987158.0350833795
2018-04-06,964097.2587259389
2018-04-09,965963.9935599773
2018-04-10,983241.6370460396
2018-04-11,974437.6290185921
2018-04-12,986264.9512470325
2018-04-13,981313.690052308
2018-04-16,989890.0014343158
2018-04-17,998494.2438146411
2018-04-18,996940.8869138395
2018-04-19,993590.1112621484
2018-04-20,985454.7949380849
2018-04-23,984880.7539135066
2018-04-24,967778.0135521203
2018-04-25,970182.9118467008
2018-04-26,979790.9392313531
2018-04-27,979341.7615710848
2018-04-30,973378.2180542354
2018-05-01,970796.0562689237
2018-05-02,963783.8807927022
2018-05-03,963992.1437576226
2018-05-04,977380.7694525832
2018-05-07,981200.0777661937
2018-05-08,981316.522491574
2018-05-09,988661.3522238149
2018-05-10,996596.8242218876
2018-05-11,1000288.436731922
2018-05-14,1003037.3977184544
2018-05-15,995262.6666487278
2018-05-16,997781.1772294228
2018-05-17,995567.625943035
2018-05-18,995612.3155403433
2018-05-21,1007624.8478252335
2018-05-22,1000418.9649747642
2018-05-23,1002529.8403377589
2018-05-24,999506.5261367661
2018-05-25,997143.0916058853
2018-05-29,981366.4048942032
2018-05-30,993706.4773086603
2018-05-31,983557.4540241999
2018-06-01,992394.5071764176
2018-06-04,999584.2608588444
2018-06-05,999032.0138808407
2018-06-06,1012986.6553557925
2018-06-07,1016814.3823083326
2018-06-08,1019840.450269723
2018-06-11,1020073.339720484
2018-06-12,1020009.6885158671
2018-06-13,1015194.5417636483
2018-06-14,1014151.6533616766
2018-06-15,1010734.3940661027
2018-06-18,1006584.791862528
2018-06-19,995012.9399201078
2018-06-20,993304.5069694922
2018-06-21,985404.8338565872
2018-06-22,990206.290485687
2018-06-25,976989.6567972681
2018-06-26,978210.5954786559
2018-06-27,971542.8760887287
2018-06-28,975509.2352075663
2018-06-29,977739.309056339
2018-07-02,979180.2338540538
2018-07-03,973848.3242935247
2018-07-05,981176.710142249
2018-07-06,985194.6039199543
2018-07-09,998089.755751681
2018-07-10,1003853.1402270657
2018-07-11,995022.538742065
2018-07-12,1004063.8422369094
2018-07-13,1007871.4273991134
2018-07-16,1009682.1428787794
2018-07-17,1011919.1404679804
2018-07-18,1015117.5938302547
2018-07-19,1009687.8077573115
2018-07-20,1009430.763893921
2018-07-23,1008873.6388260704
2018-07-24,1016835.7042816962
2018-07-25,1023770.9318245245
2018-07-26,1028321.7962574507
2018-07-27,1025259.8507320243
2018-07-30,1019449.7310087505
2018-07-31,1023814.8346331475
2018-08-01,1020536.9942925562
2018-08-02,1020228.4157702979
2018-08-03,1025723.8986984391
2018-08-06,1027319.1127572829
2018-08-07,1032424.269818794
2018-08-08,1030605.0570213299
2018-08-09,1027603.143472569
2018-08-10,1019703.9424328749
2018-08-13,1014650.7134245741
2018-08-14,1019171.3651719963
2018-08-15,1013631.979435232
2018-08-16,1029597.1807158408
2018-08-17,1034052.1356080654
2018-08-20,1037652.2445940339
2018-08-21,1040214.2645890096
2018-08-22,1036641.5358492789
2018-08-23,1033555.0425168804
2018-08-24,1038927.6290524239
2018-08-27,1049372.7995979195
2018-08-28,1049952.0334278187
2018-08-29,1052391.2357090653
2018-08-30,1046846.1850937691
2018-08-31,1045955.9336966882
2018-09-04,1045458.8406055032
2018-09-05,1046365.6145649691
2018-09-06,1047206.6916692376
2018-09-07,1044010.9920673603
2018-09-10,1041615.3778792629
2018-09-11,1046207.3126815466
2018-09-12,1047329.5880618349
2018-09-13,1053254.1068599082
2018-09-14,1053603.7557515237
2018-09-17,1049875.478888768
2018-09-18,1057321.5683247687
2018-09-19,1063718.5537281863
2018-09-20,1073838.6231890386
2018-09-21,1077323.9397058655
2018-09-24,1070014.5154644495
2018-09-25,1067201.1164846155
2018-09-26,1062893.5271130921
2018-09-27,1065095.0405325994
2018-09-28,1065835.4873640556
2018-10-01,1073606.205811489
2018-10-02,1078550.1498714427
2018-10-03,1080743.638046363
2018-10-04,1072650.25755921
2018-10-05,1065381.9036871514
2018-10-08,1066982.3105513162
2018-10-09,1064718.011394746
2018-10-10,1031208.9173370695
2018-10-11,1009217.7015180221
2018-10-12,1020785.5408381488
2018-10-15,1017182.599412914
2018-10-16,1039252.7301370673
2018-10-17,1035557.1050047391
2018-10-18,1022375.0900184605
2018-10-19,1024989.1167455148
2018-10-22,1019875.9344394166
2018-10-23,1014800.9900634097
2018-10-24,990308.179620395
2018-10-25,1006467.1669541198
2018-10-26,994533.5495743355
2018-10-29,984648.3365359566
2018-10-30,1002039.5923081336
2018-10-31,1011752.7346611022
2018-11-01,1022427.0967505391
2018-11-02,1017999.5221045528
2018-11-05,1025688.4145287455
2018-11-06,1032669.9839251203
2018-11-07,1054636.2585428532
2018-11-08,1055076.1520966385
2018-11-09,1046942.094634471
2018-11-12,1022686.5009799846
2018-11-13,1018630.3692721883
2018-11-14,1010332.3450480661
2018-11-15,1018742.3293020641
2018-11-16,1023735.5263336994
2018-11-19,1007792.0404207965
2018-11-20,985563.6078132207
2018-11-21,985525.2912042611
2018-11-23,978324.9945534554
2018-11-26,992597.1052628058
2018-11-27,996967.4803713926
2018-11-28,1021850.6166810372
2018-11-29,1020739.198984602
2018-11-30,1028780.6514185447
2018-12-03,1040381.0637902302
2018-12-04,1008180.0059213717
2018-12-06,1004981.4738802285
2018-12-07,982474.2033626876
2018-12-10,983856.3550456325
2018-12-11,981720.5384813232
2018-12-12,988046.2408298795
2018-12-13,990870.5761724351
2018-12-14,970854.8293836935
2018-12-17,950409.7320095456
2018-12-18,953739.5790822158
2018-12-19,939560.545474301
2018-12-20,920866.524997496
2018-12-21,904179.8384927395
2018-12-24,877867.8152522605
2018-12-26,921625.8547573925
2018-12-27,932114.5347171688
2018-12-28,929036.0666293572
2018-12-31,939713.6545524027
2019-01-02,940470.151873033
2019-01-03,913882.2018407235
2019-01-04,943971.5975579023
2019-01-07,947927.0203140185
2019-01-08,958243.6295883844
2019-01-09,961936.4222814464
2019-01-10,966883.2774595348
2019-01-11,966642.7561585294
2019-01-14,963173.9622040878
2019-01-15,969448.1298937765
2019-01-16,975151.0889981529
2019-01-17,981714.8736027912
2019-01-18,995260.2276038044
2019-01-22,983099.8577250021
2019-01-23,989993.9362196047
2019-01-24,989092.4337443281
2019-01-25,996502.9603317667
2019-01-28,988084.5574388391
2019-01-29,990168.8393442809
2019-01-30,1007688.1056355078
2019-01-31,1007076.2200751809
2019-02-01,1009663.2599503394
2019-02-04,1016732.1628907498
2019-02-05,1023666.9970392355
2019-02-06,1022812.229811848
2019-02-07,1013918.7639109157
2019-02-08,1011372.8730839826
2019-02-11,1009228.9525962177
2019-02-12,1024240.6446694712
2019-02-13,1028974.3587927924
2019-02-14,1024789.744492735
2019-02-15,1042669.9894326412
2019-02-19,1042995.0905172845
2019-02-20,1045537.7555106089
2019-02-21,1041355.9736498175
2019-02-22,1048654.5402073802
2019-02-25,1051077.141247373
2019-02-26,1049708.7583664157
2019-02-27,1046775.2954332504
2019-02-28,1043989.2766996544
2019-03-01,1048433.3739080258
2019-03-04,1040107.9694376655
2019-03-05,1039583.4961002426
2019-03-06,1034218.934809286
2019-03-07,1026152.9345683713
2019-03-08,1025226.8056072543
2019-03-11,1033309.3284105539
2019-03-12,1029433.2139538862
2019-03-13,1035404.4679998487
2019-03-14,1035688.4200362662
2019-03-15,1041285.0053104303
2019-03-18,1043912.7221606035
2019-03-19,1042836.3952395194
2019-03-20,1037127.771256611
2019-03-21,1045862.8565952522
2019-03-22,1027324.777635815
2019-03-25,1027909.2829499037
2019-03-26,1033585.2552023845
2019-03-27,1032290.5157423434
2019-03-28,1035991.412358861
2019-03-29,1044500.0599139584
2019-04-01,1057783.17724626
2019-04-02,1054589.1299006215
2019-04-03,1056160.1895468358
2019-04-04,1062867.40572875
2019-04-05,1064493.2258674405
2019-04-08,1061110.5852740067
2019-04-09,1053439.002200884
2019-04-10,1053704.0713088615
2019-04-11,1053135.6951628153
2019-04-12,1063982.049258794
2019-04-15,1062872.9919284137
2019-04-16,1065607.8693974842
2019-04-17,1065482.1405656207
2019-04-18,1069913.3344395582
2019-04-22,1067960.0528501696
2019-04-23,1073814.8621707514
2019-04-24,1071424.4407879752
2019-04-25,1065987.3375802613
2019-04-26,1069260.3785098742
2019-04-29,1069705.9369421916
2019-04-30,1071257.6415867545
2019-05-01,1064700.7020436758
2019-05-02,1059771.9430053423
2019-05-03,1067714.2600649744
2019-05-06,1065036.6608121719
2019-05-07,1045966.791380541
2019-05-08,1046057.036042711
2019-05-09,1040458.7985123084
2019-05-10,1045051.520103277
2019-05-13,1020181.2871280662
2019-05-14,1028522.4273721265
2019-05-15,1033194.0638682009
2019-05-16,1041841.3435895959
2019-05-17,1037866.1724374862
2019-05-20,1034478.3390387315
2019-05-21,1042431.5137822167
2019-05-22,1038374.1232125243
2019-05-23,1026847.4329406234
2019-05-24,1030683.1851377505
2019-05-28,1021098.9187713854
2019-05-29,1012181.7705310343
2019-05-30,1013932.9261072458
2019-05-31,999638.6279569782
2019-06-03,999829.5815708283
2019-06-04,1020470.904043016
2019-06-05,1028825.3410158528
2019-06-06,1036120.2883454643
2019-06-07,1046726.1211404375
2019-06-10,1049898.0597240275
2019-06-11,1049327.244533058
2019-06-12,1047567.6703179169
2019-06-13,1051674.1565015535
2019-06-14,1050982.88396291
2019-06-17,1051906.180484761
2019-06-18,1066126.6778563755
2019-06-19,1067676.0221348833
2019-06-20,1077713.4787838103
2019-06-21,1076342.263463587
2019-06-24,1076680.975992481
2019-06-25,1069457.390396599
2019-06-26,1068998.1418411627
2019-06-27,1068585.6285336155
2019-06-28,1071541.6723020405
2019-07-01,1076273.7341691232
2019-07-02,1079063.3721306701
2019-07-03,1086287.0364054204
2019-07-05,1084519.3582668242
2019-07-08,1079847.3283764073
2019-07-09,1078934.8895384092
2019-07-10,1082025.0020987587
2019-07-11,1091204.8590810325
2019-07-12,1101032.007114458
2019-07-15,1102124.9352767959
2019-07-16,1101177.0909479726
2019-07-17,1096513.0076232743
2019-07-18,1096638.7364551378
2019-07-19,1093868.3748163732
2019-07-22,1094581.4414015918
2019-07-23,1101723.2796531017
2019-07-24,1098532.064746729
2019-07-25,1093335.8762343633
2019-07-26,1095409.2217770834
2019-07-29,1096573.4329942823
2019-07-30,1095633.6139100462
2019-07-31,1082188.9688607133
2019-08-01,1070875.3409647115
2019-08-02,1066911.0274964548
2019-08-05,1036002.6634370565
2019-08-06,1048562.2498946295
2019-08-07,1047657.9149800868
2019-08-08,1062607.9228204358
2019-08-09,1058952.1878744378
2019-08-12,1043201.3078316238
2019-08-13,1058648.880836369
2019-08-14,1026402.2679026488
2019-08-15,1030429.445786837
2019-08-16,1042781.1626738322
2019-08-19,1052843.167129731
2019-08-20,1045860.0241559861
2019-08-21,1055539.8066687107
2019-08-22,1057534.237306325
2019-08-23,1032423.8764244514
2019-08-26,1043297.6107666681
2019-08-27,1038426.129944603
2019-08-28,1048827.319002607
2019-08-29,1061965.824574605
2019-08-30,1063618.631565191
2019-09-03,1052127.3467841153
2019-09-04,1061692.7302220406
2019-09-05,1076705.6024783214
2019-09-06,1079497.6794847918
2019-09-09,1081030.4225220464
2019-09-10,1084008.1816581776
2019-09-11,1093177.1022777297
2019-09-12,1095006.3859703618
2019-09-13,1096499.7108944976
2019-09-16,1090751.2754041282
2019-09-17,1092120.1303582967
2019-09-18,1093581.5903406898
2019-09-19,1091475.120994331
2019-09-20,1085041.0778438498
2019-09-23,1085642.1057203235
2019-09-24,1079912.9465527367
2019-09-25,1086476.8098362433
2019-09-26,1083270.5672659872
2019-09-27,1080415.7045224535
2019-09-30,1084306.2958909252
2019-10-01,1070457.1627786322
2019-10-02,1050540.1579698585
2019-10-03,1055471.6707685895
2019-10-04,1070484.6217037388
2019-10-07,1066629.4358260923
2019-10-08,1053981.1782837196
2019-10-09,1061311.6097830248
2019-10-10,1067380.7403414017
2019-10-11,1080268.260322884
2019-10-14,1079090.7523769082
2019-10-15,1088655.7424204908
2019-10-16,1087736.4585209333
2019-10-17,1088699.2518347716
2019-10-18,1078399.4798382646
2019-10-21,1080713.4253608587
2019-10-22,1079120.5716680698
2019-10-23,1080967.5581061146
2019-10-24,1079822.7018905666
2019-10-25,1085967.2068049668
2019-10-28,1091311.232911245
2019-10-29,1090535.3805889632
2019-10-30,1095177.197793876
2019-10-31,1089519.006965676
2019-11-01,1101649.557553317
2019-11-04,1106272.098435447
2019-11-05,1107501.6131135013
2019-11-06,1107498.7806742354
2019-11-07,1114840.0698573936
2019-11-08,1115099.4740868392
2019-11-11,1115512.3807887288
2019-11-12,1115512.3807887288
2019-11-13,1119222.482832861
2019-11-14,1119156.8646565317
2019-11-15,1128137.270707157
2019-11-18,1129399.3584367705
2019-11-19,1125282.3292847546
2019-11-20,1120733.117108067
2019-11-21,1118525.5454156853
2019-11-22,1122929.752437727
2019-11-25,1130617.9367521033
2019-11-26,1132841.9523280016
2019-11-27,1134546.7660506663
2019-11-29,1130011.2439970972
2019-12-02,1119200.295391944
2019-12-03,1107911.687376125
2019-12-04,1113832.1148730363
2019-12-05,1114960.4485261992
2019-12-06,1128546.951575438
2019-12-09,1124298.6073918955
2019-12-10,1123175.545222922
2019-12-11,1124367.1366863593
2019-12-12,1133259.7371197382
2019-12-13,1133393.8845905312
2019-12-16,1137442.7778424257
2019-12-17,1138702.4265271155
2019-12-18,1137579.2856792738
2019-12-19,1143125.595156466
2019-12-20,1146272.9072542153
2019-12-23,1150157.8337441552
2019-12-24,1148704.3990063488
2019-12-26,1152972.0981915426
2019-12-27,1153933.6326434847
2019-12-30,1146556.9379695014
2019-12-31,1149630.5279674658
2020-01-02,1162938.6651799507
2020-01-03,1153515.5331362742
2020-01-06,1156274.958412317
2020-01-07,1151452.9665985387
2020-01-08,1157955.1456491412
2020-01-09,1166487.6329013943
2020-01-10,1161124.6451878077
2020-01-13,1164479.5121406608
2020-01-14,1165793.5279234846
2020-01-15,1169441.2376248958
2020-01-16,1180213.8696210894
2020-01-17,1182246.5381887953
2020-01-21,1176120.9948817035
2020-01-22,1175727.4431814651
2020-01-23,1174672.8316280867
2020-01-24,1167810.1460020158
2020-01-27,1149524.2328161222
2020-01-28,1157059.2293735282
2020-01-29,1157526.5031735515
2020-01-30,1162561.5573632289
2020-01-31,1138254.0356555323
2020-02-03,1144046.059239051
2020-02-04,1160474.5216973894
2020-02-05,1179940.3031953142
2020-02-06,1183522.3160415275
2020-02-07,1172353.2999058294
2020-02-10,1179375.1528828763
2020-02-11,1179355.7978812254
2020-02-12,1190437.0083996775
2020-02-13,1185276.304057005
2020-02-14,1184259.930433718
2020-02-18,1177577.2620587759
2020-02-19,1182243.7057495292
2020-02-20,1177085.4404517803
2020-02-21,1167918.0934095983
2020-02-24,1126361.173929631
2020-02-25,1090934.1250945227
2020-02-26,1085948.2451976584
2020-02-27,1037972.5462676988
2020-02-28,1023579.9782106742
2020-03-02,1075705.3580230768
2020-03-03,1044046.0828427116
2020-03-04,1091316.8191109083
2020-03-05,1052258.6618156424
2020-03-06,1041925.9233732336
2020-03-09,960804.4694003324
2020-03-10,1007821.0729232733
2020-03-11,948808.0662834848
2020-03-12,854036.8514510704
2020-03-13,933999.7590853047
2020-03-16,813265.8551885528
2020-03-17,855517.7451139833
2020-03-18,801599.7459616694
2020-03-19,809183.9168118882
2020-03-20,772396.5890192781
2020-03-23,748949.499417501
2020-03-24,834067.9185890865
2020-03-25,854034.097690673
2020-03-26,908482.1563800734
2020-03-27,871606.9442913485
2020-03-30,899430.8606689293
2020-03-31,882901.6892589104
2020-04-01,843679.5652016897
2020-04-02,862610.0156783381
2020-04-03,848071.2622836401
2020-04-06,913631.2162502076
2020-04-07,912578.571668542
2020-04-08,943988.1201202874
2020-04-09,955501.1202690692
2020-04-13,942263.9513959716
2020-04-14,964782.0795973656
2020-04-15,946839.36363587
2020-04-16,948182.0185268279
2020-04-17,976574.311050455
2020-04-20,952724.3856419562
2020-04-21,927282.9440814334
2020-04-22,945690.101403686
2020-04-23,947278.8637953128
2020-04-24,957752.9881644164
2020-04-27,972195.0452297278
2020-04-28,970896.7652206041
2020-04-29,992340.0613994155
2020-04-30,980732.8039661703
2020-05-01,955675.1579261918
2020-05-04,956725.3634629339
2020-05-05,962096.3764211076
2020-05-06,953296.459694822
2020-05-07,961806.3661118154
2020-05-08,980152.7046687175
2020-05-11,975748.4976466757
2020-05-12,957330.4039617013
2020-05-13,936511.5032833086
2020-05-14,951713.2835028588
2020-05-15,954133.5241767968
2020-05-18,990870.1040992242
2020-05-19,975138.9724524037
2020-05-20,990005.2659766687
2020-05-21,985905.1527813806
2020-05-22,985544.2528115696
2020-05-26,1006892.5049172326
2020-05-27,1029175.7766961531
2020-05-28,1023228.7557416888
2020-05-29,1022522.5342180299
2020-06-01,1026225.0044119174
2020-06-02,1037006.1337259093
2020-06-03,1058245.2582409622
2020-06-04,1058725.8287697623
2020-06-05,1092127.3688141985
2020-06-08,1110716.5890381609
2020-06-09,1098625.92863685
2020-06-10,1087253.4489472099
2020-06-11,1012252.6601915532
2020-06-12,1031482.7984783193
2020-06-15,1037832.3405240311
2020-06-16,1059054.5490823567
2020-06-17,1052191.3913830745
2020-06-18,1050599.796552182
2020-06-19,1042195.0837823732
2020-06-22,1048378.6134155495
2020-06-23,1053661.3486832657
2020-06-24,1025053.5547388165
2020-06-25,1037124.938817345
2020-06-26,1007715.9579549568
2020-06-29,1031090.5056399766
2020-06-30,1039835.2684794436
2020-07-01,1036696.7684149662
2020-07-02,1040418.5149316363
2020-07-06,1058935.6653120525
2020-07-07,1042949.1420580803
2020-07-08,1050083.3484593458
2020-07-09,1035533.343986452
2020-07-10,1050406.4825722766
2020-07-13,1050829.4601693342
2020-07-14,1073258.9172859283
2020-07-15,1082423.8252831867
2020-07-16,1076969.8847976138
2020-07-17,1074441.618037225
2020-07-20,1074800.944429666
2020-07-21,1081227.434408771
2020-07-22,1087891.92796509
2020-07-23,1073651.2888031392
2020-07-24,1066301.9743753942
2020-07-27,1070929.7080628453
2020-07-28,1062651.8256290592
2020-07-29,1069108.921688011
2020-07-30,1060008.0582897118
2020-07-31,1064627.3733382334
2020-08-03,1074137.5242104714
2020-08-04,1080746.8638799712
2020-08-05,1095774.6064423989
2020-08-06,1103245.637079714
2020-08-07,1105118.8235809694
2020-08-10,1119538.6932053638
2020-08-11,1115327.8788420956
2020-08-12,1127007.2847977555
2020-08-13,1123779.7989330045
2020-08-14,1125161.4785427384
2020-08-17,1121692.6845882966
2020-08-18,1119000.1363504792
2020-08-19,1115568.400143101
2020-08-20,1117455.6701618182
2020-08-21,1125133.7049021577
2020-08-24,1140366.169880423
2020-08-25,1137948.2895725402
2020-08-26,1141311.1817699804
2020-08-27,1147770.6381949873
2020-08-28,1154280.4490958343
2020-08-31,1145264.2441600414
2020-09-01,1153949.7618115274
2020-09-02,1172272.3393501425
2020-09-03,1139732.4902735215
2020-09-04,1133310.4849899209
2020-09-08,1107834.3460483893
2020-09-09,1125542.2055874113
2020-09-10,1109191.477851151
2020-09-11,1114471.0659641272
2020-09-14,1127671.5704845036
2020-09-15,1127762.995329701
2020-09-16,1129244.675781299
2020-09-17,1123991.6811258756
2020-09-18,1114139.9066066095
2020-09-21,1093606.5315420043
2020-09-22,1099265.5878377575
2020-09-23,1078114.741013162
2020-09-24,1080221.918469337
2020-09-25,1094664.4476078595
2020-09-28,1111184.728305738
2020-09-29,1105891.4500696426
2020-09-30,1119146.3216881528
2020-10-01,1120564.3509351336
2020-10-02,1115162.7318971136
2020-10-05,1133928.0354287797
2020-10-06,1118786.2085070268
2020-10-07,1140164.7519770623
2020-10-08,1145081.315790778
2020-10-09,1151582.7080526957
2020-10-12,1161678.5444220498
2020-10-13,1155325.4618272553
2020-10-14,1148646.0192859215
2020-10-15,1147848.3729170654
2020-10-16,1152364.6186478517
2020-10-19,1135812.4730082306
2020-10-20,1140379.3879303313
2020-10-21,1136432.8558863557
2020-10-22,1142589.7920619787
2020-10-23,1141458.2325752075
2020-10-26,1115266.2732880597
2020-10-27,1106315.6078497279
2020-10-28,1068318.5137750572
2020-10-29,1073924.383155704
2020-10-30,1067579.3258054967
2020-11-02,1084637.455248443
2020-11-03,1106993.9770539375
2020-11-04,1121803.464435145
2020-11-05,1143658.093738476
2020-11-06,1140967.984545582
2020-11-09,1174587.465055764
2020-11-10,1185180.0011219606
2020-11-11,1184241.834293963
2020-11-12,1171453.3710079226
2020-11-13,1187552.3263649822
2020-11-16,1206510.9438765536
2020-11-17,1199779.966676352
2020-11-18,1185884.9637837235
2020-11-19,1187690.0930637259
2020-11-20,1178837.7762110191
2020-11-23,1192042.2933536891
2020-11-24,1210370.1423764937
2020-11-25,1203370.083446021
2020-11-27,1204896.768210401
2020-11-30,1193950.5706302954
2020-12-01,1201414.2841328403
2020-12-02,1203826.0274889804
2020-12-03,1207279.557742933
2020-12-04,1217299.70504079
2020-12-07,1211318.773494002
2020-12-08,1215511.963790726
2020-12-09,1211279.3553808832
2020-12-10,1208477.6008735872
2020-12-11,1210375.3351818146
2020-12-14,1202930.189892236
2020-12-15,1216536.3626585999
2020-12-16,1214732.8069559673
2020-12-17,1220728.2154145592
2020-12-18,1215720.226755646
2020-12-21,1217226.7697296902
2020-12-22,1209132.20905951
2020-12-23,1213737.44059057
2020-12-24,1216558.864814991
2020-12-28,1224780.8065732731
2020-12-29,1222029.4065418176
2020-12-30,1225005.9854949212
2020-12-31,1232938.6250537278
2021-01-04,1217526.5362186763
2021-01-05,1224282.4546201923
2021-01-06,1241918.6377100106
2021-01-07,1250447.8991286552
2021-01-08,1252737.611559751
2021-01-11,1249141.0431228648
2021-01-12,1251558.0579631943
2021-01-13,1251226.9772845453
2021-01-14,1248449.3771898788
2021-01-15,1241308.7191213963
2021-01-19,1245992.078768877
2021-01-20,1256379.6563826303
2021-01-21,1255881.3044295495
2021-01-22,1248669.3633062055
2021-01-25,1247179.6576100206
2021-01-26,1246254.7088319312
2021-01-27,1220720.1901699721
2021-01-28,1232812.8962218643
2021-01-29,1207807.2569139646
2021-02-01,1217043.9200392952
2021-02-02,1236201.5950881727
2021-02-03,1237656.603403349
2021-02-04,1251041.216476016
2021-02-05,1254762.6482772122
2021-02-08,1264330.7854755349
2021-02-09,1263930.7821080792
2021-02-10,1266427.1839267253
2021-02-11,1266141.1075608584
2021-02-12,1267257.0099527983
2021-02-16,1269849.242633278
2021-02-17,1273485.622577625
2021-02-18,1268664.4962314002
2021-02-19,1268703.9930233874
2021-02-22,1269806.5200076823
2021-02-23,1270437.3671753178
2021-02-24,1287538.1405649912
2021-02-25,1264985.3936614573
2021-02-26,1246066.5876573469
2021-03-01,1270363.2516811904
2021-03-02,1264562.809458742
2021-03-03,1259671.1868463408
2021-03-04,1245735.113584355
2021-03-05,1268783.7733960468
2021-03-08,1281116.1352813907
2021-03-09,1282336.7592473044
2021-03-10,1301039.5917573813
2021-03-11,1308635.8791533492
2021-03-12,1320441.0139408726
2021-03-15,1327483.4021025982
2021-03-16,1322346.7734936872
2021-03-17,1329977.364876321
2021-03-18,1323811.1445942149
2021-03-19,1314371.4899881533
2021-03-22,1318529.9042250002
2021-03-23,1306120.5944062627
2021-03-24,1305996.1244362954
2021-03-25,1314029.4729467826
2021-03-26,1332293.9854804443
2021-03-29,1336261.6034611778
2021-03-30,1332055.5885088884
2021-03-31,1328614.96158937
2021-04-01,1335530.0473418618
2021-04-05,1350595.3197245642
2021-04-06,1346689.7006922087
2021-04-07,1347335.1821293854
2021-04-08,1349643.7774889213
2021-04-09,1361609.2598104484
2021-04-12,1359385.4802711557
2021-04-13,1356641.003980128
2021-04-14,1358801.0536359353
2021-04-15,1371091.4796843687
2021-04-16,1377725.5245185778
2021-04-19,1372768.913160795
2021-04-20,1362443.0984588147
2021-04-21,1375173.0246666907
2021-04-22,1362225.4727085428
2021-04-23,1371393.6065394098
2021-04-26,1368899.329050213
2021-04-27,1369034.6567040337
2021-04-28,1362405.9620328825
2021-04-29,1372073.2346055156
2021-04-30,1364600.3156753562
2021-05-03,1374203.0715758188
2021-05-04,1375000.7179446751
2021-05-05,1378920.6565310974
2021-05-06,1391738.545713957
2021-05-07,1400972.7697943642
2021-05-10,1399565.2048368936
2021-05-11,1380484.4777214096
2021-05-12,1353031.2174933336
2021-05-13,1370505.7941872524
2021-05-14,1385035.2634754675
2021-05-17,1382846.259996052
2021-05-18,1372085.3511512645
2021-05-19,1365453.8240408476
2021-05-20,1373031.5432238493
2021-05-21,1378014.275965974
2021-05-24,1385512.6868495273
2021-05-25,1382228.7882360616
2021-05-26,1382655.38506107
2021-05-27,1388359.1309541317
2021-05-28,1390969.853168709
2021-06-01,1392817.2330010962
2021-06-02,1393827.1549571662
2021-06-03,1392886.9424785872
2021-06-04,1400111.8656152338
2021-06-07,1395029.9974987986
2021-06-08,1393804.6528007751
2021-06-09,1387654.1682923688
2021-06-10,1388423.4902685648
2021-06-11,1388961.811086844
2021-06-14,1385503.4027430443
2021-06-15,1381699.7515242654
2021-06-16,1370998.1665463273
2021-06-17,1362529.645214165
2021-06-18,1341043.5477308896
2021-06-21,1364685.6035688107
2021-06-22,1367449.4348614893
2021-06-23,1364575.610510647
2021-06-24,1377570.3697898951
2021-06-25,1387118.3651978818
2021-06-28,1381052.8538674559
2021-06-29,1381416.1928821902
2021-06-30,1389884.7142143524
2021-07-01,1395162.6500710903
2021-07-02,1401318.7994580285
2021-07-06,1392900.3178862324
2021-07-07,1397106.647553996
2021-07-08,1386638.581457767
2021-07-09,1404694.9097053767
2021-07-12,1409771.4276587537
2021-07-13,1405445.3487531326
2021-07-14,1407235.6077269888
2021-07-15,1409402.4237654873
2021-07-16,1397350.8667618209
2021-07-19,1368112.5403652098
2021-07-20,1390266.464084316
2021-07-21,1401788.0402297643
2021-07-22,1402809.2919428982
2021-07-23,1412404.809387459
2021-07-26,1415738.5904035543
2021-07-27,1412282.6997835464
2021-07-28,1407142.9240198955
2021-07-29,1413330.5449542338
2021-07-30,1407325.77371029
2021-08-02,1403405.8351238677
2021-08-03,1414614.2693726846
2021-08-04,1401573.4042764956
2021-08-05,1412513.5435837263
2021-08-06,1418324.9221688963
2021-08-09,1414028.2691600944
2021-08-10,1420587.254353754
2021-08-11,1429461.601289641
2021-08-12,1430061.1342676135
2021-08-13,1430686.631272191
2021-08-16,1435118.6119348134
2021-08-17,1423753.9214531546
2021-08-18,1408341.832618103
2021-08-19,1405660.1420641385
2021-08-20,1414762.5003609392
2021-08-23,1423448.9621588476
2021-08-24,1424679.6570199295
2021-08-25,1426260.3154881003
2021-08-26,1418510.6042985572
2021-08-27,1428286.6110674574
2021-08-30,1426032.3041271865
2021-08-31,1424456.8384643362
2021-09-01,1422515.2013474859
2021-09-02,1427803.9948880766
2021-09-03,1424793.5840215178
2021-09-07,1413953.681592756
2021-09-08,1411176.9469656432
2021-09-09,1405066.2739646982
2021-09-10,1394122.8301449902
2021-09-13,1404673.5090531446
2021-09-14,1392908.3431308193
2021-09-15,1402448.3132942189
2021-09-16,1399907.615272607
2021-09-17,1393202.7594567474
2021-09-20,1368452.1183616573
2021-09-21,1366412.6047323924
2021-09-22,1380047.810001233
2021-09-23,1400451.443611681
2021-09-24,1401788.0402297643
2021-09-27,1404663.1234425027
2021-09-28,1381726.3449818185
2021-09-29,1385381.2931391317
2021-09-30,1363354.3571137853
2021-10-01,1382792.7583654718
2021-10-04,1369759.4464406583
2021-10-05,1382317.8527152038
2021-10-06,1386439.523920461
2021-10-07,1400053.4858948067
2021-10-08,1399703.3649299801
2021-10-11,1389624.7592328275
2021-10-12,1384882.626470577
2021-10-13,1384861.2258183449
2021-10-14,1406402.8705827813
2021-10-15,1421799.38100187
2021-10-18,1420343.035145929
2021-10-19,1428347.3511539397
2021-10-20,1434471.7142780037
2021-10-21,1434219.4698255917
2021-10-22,1437198.0944292764
2021-10-25,1439781.4363976156
2021-10-26,1440415.116004517
2021-10-27,1429692.130374347
2021-10-28,1439351.6924178668
2021-10-29,1442940.0782524291
2021-11-01,1446738.064592676
2021-11-02,1452328.9849883078
2021-11-03,1456556.7153083035
2021-11-04,1455213.3523075292
2021-11-05,1463419.8730075855
2021-11-08,1467620.223081343
2021-11-09,1463098.8632241043
2021-11-10,1453429.2302854161
2021-11-11,1447035.7854310812
2021-11-12,1454249.6935261376
2021-11-15,1453731.6718559314
2021-11-16,1455937.984686417
2021-11-17,1447431.3827819007
2021-11-18,1445010.2766404091
2021-11-19,1434175.2523014946
2021-11-22,1434870.9308567743
2021-11-23,1442708.13294809
2021-11-24,1442328.5860864446
2021-11-26,1405870.3720007716
2021-11-29,1415401.5301308988
2021-11-30,1389127.6661416425
2021-12-01,1370529.5552055393
2021-12-02,1395414.7371657651
2021-12-03,1393009.3667979739
2021-12-06,1419070.9552000163
2021-12-07,1438906.5273798923
2021-12-08,1440329.356037852
2021-12-09,1440326.9956717968
2021-12-10,1449040.2082849948
2021-12-13,1436147.8888925344
2021-12-14,1431846.8298670966
2021-12-15,1447285.512159701
2021-12-16,1446085.5020573344
2021-12-17,1424646.6118951591
2021-12-20,1407192.4917070507
2021-12-21,1429773.0122511655
2021-12-22,1440294.7373357115
2021-12-23,1448217.2273204818
2021-12-27,1462389.8092611795
2021-12-28,1466250.2666230157
2021-12-29,1469892.626161369
2021-12-30,1466244.9164599576
2021-12-31,1463836.8710106371
2022-01-03,1473777.159256966
2022-01-04,1482421.606539095
2022-01-05,1466608.7275479028
2022-01-06,1459734.712164768
2022-01-07,1459541.0047905203
2022-01-10,1452983.2784587564
2022-01-11,1460361.1533157674
2022-01-12,1461904.0459270584
2022-01-13,1454785.9686938357
2022-01-14,1446656.2385694357
2022-01-18,1424768.5641413345
2022-01-19,1411079.3851687028
2022-01-20,1398460.2388076752
2022-01-21,1380331.840716519
2022-01-24,1384325.1080083835
2022-01-25,1381635.392209832
2022-01-26,1376413.0036342556
2022-01-27,1376118.5873083274
2022-01-28,1398866.2217691368
2022-01-31,1415237.0912957333
2022-02-01,1426249.7725197214
2022-02-02,1435276.913818236
2022-02-03,1414403.2526473668
2022-02-04,1413540.3028176555
2022-02-07,1413596.3221720278
2022-02-08,1428567.8093434775
2022-02-09,1440865.4738478127
2022-02-10,1419657.4274858176
2022-02-11,1399373.3857554898
2022-02-14,1392449.1732542517
2022-02-15,1409475.7524709296
2022-02-16,1407277.4648850309
2022-02-17,1382211.4788849913
2022-02-18,1372831.3841823845
2022-02-22,1353391.7240688023
2022-02-23,1334665.9960079917
2022-02-24,1338374.7605113592
2022-02-25,1372008.4032178712
2022-02-28,1365315.349232287
2022-03-01,1341239.7728289294
2022-03-02,1365264.994756447
2022-03-03,1361369.9186924705
2022-03-04,1354124.539050014
2022-03-07,1322001.5306187079
2022-03-08,1314559.6111627375
2022-03-09,1340889.337148629
2022-03-10,1336370.337657445
2022-03-11,1327109.9921926958
2022-03-14,1327152.164066212
2022-03-15,1351286.120189997
2022-03-16,1372183.69973689
2022-03-17,1389008.546334733
2022-03-18,1400053.0138215953
2022-03-21,1391918.0908918744
2022-03-22,1402169.1606687799
2022-03-23,1384083.4065243509
2022-03-24,1398160.157603215
2022-03-25,1404335.5046340674
2022-03-28,1408148.4399593293
2022-03-29,1421776.4067722678
2022-03-30,1419142.5529703514
2022-03-31,1396968.1727454353
2022-04-01,1402604.5695270605
2022-04-04,1406778.326143265
2022-04-05,1395470.7565201374
2022-04-06,1389643.0127303198
2022-04-07,1393150.0446148524
2022-04-08,1398691.082607855
2022-04-11,1382052.2328551468
2022-04-12,1378518.6075130608
2022-04-13,1392385.4433707662
2022-04-14,1387818.9218430084
2022-04-18,1386226.1468290882
2022-04-19,1406348.1100903053
2022-04-20,1416402.4826959597
2022-04-21,1401577.0235044465
2022-04-22,1362044.1965955182
2022-04-25,1371634.2065192838
2022-04-26,1339033.4599984437
2022-04-27,1341520.9711049497
2022-04-28,1366273.6578506208
2022-04-29,1328440.137143562
2022-05-02,1331835.6023925615
2022-05-03,1334546.2467701342
2022-05-04,1372101.4016404387
2022-05-05,1329276.3361579834
2022-05-06,1325304.4695183507
2022-05-09,1298972.2258086673
2022-05-10,1295549.7737077724
2022-05-11,1282391.9131341232
2022-05-12,1278210.1312733318
2022-05-13,1296996.7567783615
2022-05-16,1298074.7359556844
2022-05-17,1315443.804286944
2022-05-18,1268532.7878055307
2022-05-19,1258988.0182311526
2022-05-20,1259341.2863507192
2022-05-23,1284250.229329232
2022-05-24,1286199.1049019846
2022-05-25,1293919.86226792
2022-05-26,1314742.8542474748
2022-05-27,1337936.9912870233
2022-05-31,1328960.2044643492
2022-06-01,1321834.416702013
2022-06-02,1339359.8199449829
2022-06-03,1325317.687568259
2022-06-06,1325965.5293714905
2022-06-07,1336614.8715807442
2022-06-08,1325768.8322002396
2022-06-09,1300063.5017147665
2022-06-10,1264613.9507232672
2022-06-13,1229323.567082744
2022-06-14,1223204.082048527
2022-06-15,1235438.1740271142
2022-06-16,1205569.5512149474
2022-06-17,1204027.0519979987
2022-06-21,1229867.7888161608
2022-06-22,1227969.661113591
2022-06-23,1235793.881191604
2022-06-24,1268960.1714192245
2022-06-27,1266445.673460823
2022-06-28,1246655.5776669402
2022-06-29,1249971.7346164912
2022-06-30,1239744.5045367416
2022-07-01,1252708.972451617
2022-07-05,1247494.687799496
2022-07-06,1250308.873568015
2022-07-07,1264282.083255933
2022-07-08,1262412.9093769712
2022-07-11,1255793.8922066456
2022-07-12,1248038.9095329128
2022-07-13,1239638.1307065291
2022-07-14,1233892.921049768
2022-07-15,1260403.1363599992
2022-07-18,1251715.9664522745
2022-07-19,1282107.567703363
2022-07-20,1284032.6822578285
2022-07-21,1290561.061371642
2022-07-22,1285017.5843337155
2022-07-25,1288673.3192797138
2022-07-26,1279468.5210961257
2022-07-27,1297034.2079197676
2022-07-28,1310410.0089591627
2022-07-29,1323119.3999823602
2022-08-01,1321236.9293746217
2022-08-02,1305033.7245167994
2022-08-03,1321804.990805194
2022-08-04,1318353.5062018225
2022-08-05,1321441.1797172485
2022-08-08,1322612.2359960072
2022-08-09,1320270.595511701
2022-08-10,1341826.4024724679
2022-08-11,1342920.510817833
2022-08-12,1360016.0127233171
2022-08-15,1366114.569178513
2022-08-16,1375765.319188761
2022-08-17,1368848.9745743729
2022-08-18,1369603.03285008
2022-08-19,1357828.1107480605
2022-08-22,1331920.575570542
2022-08-23,1325716.1173583446
2022-08-24,1328118.6552868697
2022-08-25,1341112.155704222
2022-08-26,1300490.9640073287
2022-08-29,1293062.2626012666
2022-08-30,1280650.0416643948
2022-08-31,1269352.9363307778
2022-09-01,1275233.9457145706
2022-09-02,1261618.882236066
2022-09-06,1254644.2365801192
2022-09-07,1272207.0122856265
2022-09-08,1279991.4208561787
2022-09-09,1295186.0412986956
2022-09-12,1304436.3158682769
2022-09-13,1253019.596624456
2022-09-14,1254232.9034555994
2022-09-15,1247252.9863154632
2022-09-16,1241637.4394339905
2022-09-19,1249583.7691159162
2022-09-20,1236956.9122257754
2022-09-21,1215910.7082962855
2022-09-22,1211596.352542071
2022-09-23,1192007.674651549
2022-09-26,1178730.2221977795
2022-09-27,1173661.7294889896
2022-09-28,1195767.3443828363
2022-09-29,1177312.1929507982
2022-09-30,1157166.3899924257
2022-10-03,1187998.6715859843
2022-10-04,1221249.9349915849
2022-10-05,1219539.8497847307
2022-10-06,1205564.2797307577
2022-10-07,1180179.5656344236
2022-10-10,1176396.6069580603
2022-10-11,1177859.247123481
2022-10-12,1176717.6167415413
2022-10-13,1210067.2287327673
2022-10-14,1193797.0681578517
2022-10-17,1215992.9277138684
2022-10-18,1229607.9911923727
2022-10-19,1225580.0265194995
2022-10-20,1221945.6135468646
2022-10-21,1252116.8352872839
2022-10-24,1268917.4487936287
2022-10-25,1282497.893569993
2022-10-26,1282593.3310374839
2022-10-27,1290415.1907494422
2022-10-28,1323791.0028038789
2022-10-31,1318600.4004911764
2022-11-01,1315387.784932572
2022-11-02,1295026.8739477193
2022-11-03,1289124.9359849056
2022-11-04,1305317.7552320857
2022-11-07,1322389.1027249403
2022-11-08,1335836.8949290132
2022-11-09,1309777.9029296313
2022-11-10,1358175.871346832
2022-11-11,1359484.6156454661
2022-11-14,1350978.3284564237
2022-11-15,1353243.1783650736
2022-11-16,1351668.3421331714
2022-11-17,1351365.900562656
2022-11-18,1359397.282101431
2022-11-21,1357567.9984087986
2022-11-22,1373593.6250604156
2022-11-23,1377459.1178698356
2022-11-25,1383621.404208517
2022-11-28,1363577.490384852
2022-11-29,1363701.1735661346
2022-11-30,1393399.7713434722
2022-12-01,1385554.2292920954
2022-12-02,1386958.8044525632
2022-12-05,1367510.8043789198
2022-12-06,1353380.866384949
2022-12-07,1353444.5962684343
2022-12-08,1360838.9936878304
2022-12-09,1348551.714794137
2022-12-12,1369844.7343341128
2022-12-13,1374018.1762348432
2022-12-14,1368286.2633068587
2022-12-15,1337504.2575102719
2022-12-16,1326154.0439404172
2022-12-19,1319590.9674455952
2022-12-20,1323305.0821120208
2022-12-21,1344524.1435156064
2022-12-22,1330465.488576497
2022-12-23,1337573.180199078
2022-12-27,1339089.007279605
2022-12-28,1324351.353705338
2022-12-29,1338252.8082651836
2022-12-30,1335289.9194351991
2023-01-03,
